[
  {
    "id": 0,
    "name": "John",
    "surname": "Middleton",
    "address": "08759 Cheyenne Fork Suite 288\nSmithton, PA 09700",
    "city": "Lake Sandrashire",
    "phone": "1452787485876"
  },
  {
    "id": 1,
    "name": "William",
    "surname": "Graves",
    "address": "602 Melissa Center\nKristenborough, TN 43001",
    "city": "Moralestown",
    "phone": "1246203155504"
  },
  {
    "id": 2,
    "name": "Angela",
    "surname": "Martin",
    "address": "026 Brett Ford Apt. 691\nSchultzton, WI 12849",
    "city": "New Brendachester",
    "phone": "1700570222187"
  },
  {
    "id": 3,
    "name": "Gordon",
    "surname": "Perez",
    "address": "806 Porter Glens\nMichaelfort, DE 34920",
    "city": "New Richardmouth",
    "phone": "2419633704361"
  },
  {
    "id": 4,
    "name": "Lisa",
    "surname": "Reyes",
    "address": "07788 Freeman Manor Suite 384\nPort Jasonstad, WI 57714",
    "city": "Tamaramouth",
    "phone": "6954880835433"
  },
  {
    "id": 5,
    "name": "Amanda",
    "surname": "Cunningham",
    "address": "1437 Barnes Prairie Apt. 577\nNorth Anna, OK 40142",
    "city": "South Amy",
    "phone": "1128431408637"
  },
  {
    "id": 6,
    "name": "Jeremiah",
    "surname": "Jones",
    "address": "61304 Rosales Bridge Suite 668\nWest Lisaton, SD 01104",
    "city": "New Raymondport",
    "phone": "3845163789824"
  },
  {
    "id": 7,
    "name": "Matthew",
    "surname": "Humphrey",
    "address": "Unit 6707 Box 4980\nDPO AP 33049",
    "city": "East Jessica",
    "phone": "5556864008079"
  },
  {
    "id": 8,
    "name": "Philip",
    "surname": "Rivera",
    "address": "8661 Martin Expressway Apt. 470\nSouth Garyview, NV 87283",
    "city": "Karenstad",
    "phone": "7729191173465"
  },
  {
    "id": 9,
    "name": "Jesse",
    "surname": "Martin",
    "address": "5253 Dean Ferry\nRebeccastad, VT 30037",
    "city": "Taylorbury",
    "phone": "8963271669709"
  },
  {
    "id": 10,
    "name": "Thomas",
    "surname": "George",
    "address": "226 Charles Junctions\nSouth Mitchellport, VA 80581",
    "city": "Grahamville",
    "phone": "3291352754122"
  },
  {
    "id": 11,
    "name": "Fernando",
    "surname": "Parks",
    "address": "Unit 1856 Box 4256\nDPO AE 76481",
    "city": "Hamiltonmouth",
    "phone": "6033543889252"
  },
  {
    "id": 12,
    "name": "Stephanie",
    "surname": "Archer",
    "address": "5600 Garcia Villages\nEast Dawn, DC 12202",
    "city": "Danaville",
    "phone": "9675812494927"
  },
  {
    "id": 13,
    "name": "Michael",
    "surname": "Mcdowell",
    "address": "52461 George Cove\nWalterburgh, HI 91050",
    "city": "New Donnaside",
    "phone": "5506445133234"
  },
  {
    "id": 14,
    "name": "Roberto",
    "surname": "Dixon",
    "address": "USCGC Randolph\nFPO AE 48305",
    "city": "West Thomasfort",
    "phone": "8136572963029"
  },
  {
    "id": 15,
    "name": "Eddie",
    "surname": "Carr",
    "address": "9331 Cervantes Knoll Apt. 570\nNorth Brittneyhaven, AZ 41683",
    "city": "North Kristin",
    "phone": "4279309647360"
  },
  {
    "id": 16,
    "name": "Michael",
    "surname": "Aguilar",
    "address": "568 Harrell Meadows Apt. 228\nEast Norman, WI 35043",
    "city": "Michelleside",
    "phone": "8233860312718"
  },
  {
    "id": 17,
    "name": "Todd",
    "surname": "Ortega",
    "address": "116 Eric Corners\nSouth Ashleyfurt, NY 59769",
    "city": "Lake Katherine",
    "phone": "2629314331339"
  },
  {
    "id": 18,
    "name": "Isaiah",
    "surname": "Torres",
    "address": "63317 Craig Loaf Apt. 507\nNew Patrick, OH 12908",
    "city": "New Amanda",
    "phone": "7133428713500"
  },
  {
    "id": 19,
    "name": "Joshua",
    "surname": "Ball",
    "address": "5975 Tyler Unions Apt. 904\nWest Sandra, IA 09417",
    "city": "Michaelstad",
    "phone": "5188491017168"
  },
  {
    "id": 20,
    "name": "Keith",
    "surname": "Davis",
    "address": "07738 Matthew Hollow Apt. 156\nLake Michaelchester, NV 09460",
    "city": "Mariaton",
    "phone": "3789327464744"
  },
  {
    "id": 21,
    "name": "Andrea",
    "surname": "Miller",
    "address": "325 Adams Via Suite 854\nNorth Misty, NM 82556",
    "city": "Bethfort",
    "phone": "4236322589797"
  },
  {
    "id": 22,
    "name": "Mary",
    "surname": "Watson",
    "address": "233 Victor Center\nBrianside, WI 73216",
    "city": "New Michellehaven",
    "phone": "7291855308824"
  },
  {
    "id": 23,
    "name": "Cynthia",
    "surname": "Watts",
    "address": "Unit 2052 Box 8547\nDPO AE 02525",
    "city": "Jeffhaven",
    "phone": "3529836065642"
  },
  {
    "id": 24,
    "name": "Christopher",
    "surname": "Williams",
    "address": "193 Harris Pass\nEast Michaelstad, KS 88901",
    "city": "East Felicia",
    "phone": "8242521432768"
  },
  {
    "id": 25,
    "name": "Brenda",
    "surname": "Harding",
    "address": "801 Mccoy Turnpike\nKristineland, VT 83378",
    "city": "North Tanner",
    "phone": "7234408845820"
  },
  {
    "id": 26,
    "name": "Carolyn",
    "surname": "Reynolds",
    "address": "56701 Wendy Ways\nWest Benjamin, WY 76794",
    "city": "North Lisaton",
    "phone": "5887585571585"
  },
  {
    "id": 27,
    "name": "Jeffrey",
    "surname": "Collins",
    "address": "917 Mary Station\nHarrellshire, WY 96068",
    "city": "West Scottstad",
    "phone": "0018569295100"
  },
  {
    "id": 28,
    "name": "Richard",
    "surname": "Rich",
    "address": "10616 Chandler Summit Apt. 097\nRossville, NJ 62676",
    "city": "Wrightshire",
    "phone": "3430164305565"
  },
  {
    "id": 29,
    "name": "Thomas",
    "surname": "Mcintyre",
    "address": "81160 Martin Ranch\nParkerfort, AL 13514",
    "city": "Charlesstad",
    "phone": "1045614481013"
  }
]