[
  {
    "id": 0,
    "category": 1,
    "brand": "Reebok",
    "product_name": "Classic Harman Run",
    "quantity": 33,
    "price": "32.91",
    "cost": 19.75,
    "color": "Black/True Grey/Chalk",
    "date": "2021-10-05",
    "image": "https://m.media-amazon.com/images/I/71E0hBNpG5L._AC_SR255,340_.jpg"
  },
  {
    "id": 1,
    "category": 1,
    "brand": "Crocs",
    "product_name": "Specialist Enclosed (Unisex)",
    "quantity": 42,
    "price": "24.95",
    "cost": 14.97,
    "color": "Black",
    "date": "2021-10-06",
    "image": "https://m.media-amazon.com/images/I/81fQwNsPWjL._AC_SR255,340_.jpg"
  },
  {
    "id": 2,
    "category": 1,
    "brand": "Crocs",
    "product_name": "Baya Slipper",
    "quantity": 37,
    "price": "19.49",
    "cost": 11.69,
    "color": "Black/Black",
    "date": "2021-10-05",
    "image": "https://m.media-amazon.com/images/I/71TvRarCuRL._AC_SR255,340_.jpg"
  },
  {
    "id": 3,
    "category": 1,
    "brand": "Dr. Martens",
    "product_name": "Orson",
    "quantity": 15,
    "price": "44.64",
    "cost": 26.78,
    "color": "Black Overdrive",
    "date": "2021-10-14",
    "image": "https://m.media-amazon.com/images/I/81ZtU0WvUxL._AC_SR255,340_.jpg"
  },
  {
    "id": 4,
    "category": 1,
    "brand": "Fila",
    "product_name": "Memory Decimus 7",
    "quantity": 12,
    "price": "27.10",
    "cost": 16.26,
    "color": "White/Dark Shadow/Metallic Silver",
    "date": "2021-09-22",
    "image": "https://m.media-amazon.com/images/I/71s3ovuy+VL._AC_SR255,340_.jpg"
  },
  {
    "id": 5,
    "category": 1,
    "brand": "Crocs",
    "product_name": "Baya Slide",
    "quantity": 13,
    "price": "19.95",
    "cost": 11.97,
    "color": "Black",
    "date": "2021-10-05",
    "image": "https://m.media-amazon.com/images/I/81CJLtEQoRL._AC_SR255,340_.jpg"
  },
  {
    "id": 6,
    "category": 1,
    "brand": "ASICS",
    "product_name": "Trail Scout 2",
    "quantity": 47,
    "price": "48.00",
    "cost": 28.8,
    "color": "French Blue/Sunflower",
    "date": "2021-09-29",
    "image": "https://m.media-amazon.com/images/I/712mJd5Ja6L._AC_SR255,340_.jpg"
  },
  {
    "id": 7,
    "category": 1,
    "brand": "Fila",
    "product_name": "Vulc 13 Mid",
    "quantity": 30,
    "price": "27.97",
    "cost": 16.78,
    "color": "Black/Black/Black 2",
    "date": "2021-09-18",
    "image": "https://m.media-amazon.com/images/I/71onrzS4YXL._AC_SR255,340_.jpg"
  },
  {
    "id": 8,
    "category": 1,
    "brand": "Crocs",
    "product_name": "Coast Clog",
    "quantity": 3,
    "price": "22.07",
    "cost": 13.24,
    "color": "Lemon",
    "date": "2021-09-20",
    "image": "https://m.media-amazon.com/images/I/714nASCmxpL._AC_SR255,340_.jpg"
  },
  {
    "id": 9,
    "category": 1,
    "brand": "Crocs",
    "product_name": "Baya Clog (Unisex)",
    "quantity": 17,
    "price": "33.12",
    "cost": 19.87,
    "color": "Navy",
    "date": "2021-10-06",
    "image": "https://m.media-amazon.com/images/I/71B0U35EnkL._AC_SR255,340_.jpg"
  },
  {
    "id": 10,
    "category": 1,
    "brand": "Crocs",
    "product_name": "Baya Slipper",
    "quantity": 11,
    "price": "22.49",
    "cost": 13.49,
    "color": "Navy/Charcoal",
    "date": "2021-10-07",
    "image": "https://m.media-amazon.com/images/I/718fLSTbjIL._AC_SR255,340_.jpg"
  },
  {
    "id": 11,
    "category": 1,
    "brand": "New Balance",
    "product_name": "Fresh Foam 1080v10",
    "quantity": 22,
    "price": "40.95",
    "cost": 24.57,
    "color": "Black/Steel",
    "date": "2021-09-28",
    "image": "https://m.media-amazon.com/images/I/71QSnGCKOfL._AC_SR255,340_.jpg"
  },
  {
    "id": 12,
    "category": 1,
    "brand": "ASICS",
    "product_name": "Jolt 3",
    "quantity": 38,
    "price": "44.99",
    "cost": 26.99,
    "color": "Black/Graphite Grey",
    "date": "2021-10-10",
    "image": "https://m.media-amazon.com/images/I/816GL63RzVS._AC_SR255,340_.jpg"
  },
  {
    "id": 13,
    "category": 1,
    "brand": "Crocs",
    "product_name": "Baya Clog (Unisex)",
    "quantity": 21,
    "price": "35.95",
    "cost": 21.57,
    "color": "Black",
    "date": "2021-09-30",
    "image": "https://m.media-amazon.com/images/I/815H2KfWoXL._AC_SR255,340_.jpg"
  },
  {
    "id": 14,
    "category": 1,
    "brand": "Vans",
    "product_name": "Slip-On SF",
    "quantity": 10,
    "price": "33.75",
    "cost": 20.25,
    "color": "(Mini Leopard) Suede/Marshmellow 2",
    "date": "2021-09-22",
    "image": "https://m.media-amazon.com/images/I/71wbMMOO7HL._AC_SR255,340_.jpg"
  },
  {
    "id": 15,
    "category": 1,
    "brand": "Levi's\u00ae Shoes",
    "product_name": "Apex Knit",
    "quantity": 38,
    "price": "29.99",
    "cost": 17.99,
    "color": "Charcoal/Grey",
    "date": "2021-09-19",
    "image": "https://m.media-amazon.com/images/I/81v3e7hBidL._AC_SR255,340_.jpg"
  },
  {
    "id": 16,
    "category": 1,
    "brand": "Tommy Hilfiger",
    "product_name": "Redder 2",
    "quantity": 12,
    "price": "28.00",
    "cost": 16.8,
    "color": "Navy",
    "date": "2021-10-16",
    "image": "https://m.media-amazon.com/images/I/711vOJLVLML._AC_SR255,340_.jpg"
  },
  {
    "id": 17,
    "category": 1,
    "brand": "Fila",
    "product_name": "AT Peake 23",
    "quantity": 31,
    "price": "30.00",
    "cost": 18.0,
    "color": "Black/Black/Metallic Silver",
    "date": "2021-09-26",
    "image": "https://m.media-amazon.com/images/I/81d+Do36ulL._AC_SR255,340_.jpg"
  },
  {
    "id": 18,
    "category": 1,
    "brand": "Fila",
    "product_name": "Memory Workshift",
    "quantity": 14,
    "price": "32.84",
    "cost": 19.7,
    "color": "Black/Black/Black 2",
    "date": "2021-10-14",
    "image": "https://m.media-amazon.com/images/I/81DNbhHUpqL._AC_SR255,340_.jpg"
  },
  {
    "id": 19,
    "category": 1,
    "brand": "Crocs",
    "product_name": "Baya Slipper",
    "quantity": 44,
    "price": "23.99",
    "cost": 14.39,
    "color": "Pink Lemonade",
    "date": "2021-10-05",
    "image": "https://m.media-amazon.com/images/I/61IIfTxbDNL._AC_SR255,340_.jpg"
  },
  {
    "id": 20,
    "category": 1,
    "brand": "Crocs",
    "product_name": "Crocband II Clog",
    "quantity": 40,
    "price": "34.99",
    "cost": 20.99,
    "color": "Navy/Bijou Blue",
    "date": "2021-10-13",
    "image": "https://m.media-amazon.com/images/I/81lPWH61KSL._AC_SR255,340_.jpg"
  },
  {
    "id": 21,
    "category": 1,
    "brand": "Crocs",
    "product_name": "Baya Lined Fuzz Strap Clog",
    "quantity": 15,
    "price": "38.97",
    "cost": 23.38,
    "color": "White/Lavender",
    "date": "2021-10-11",
    "image": "https://m.media-amazon.com/images/I/51CgPvAN27L._AC_SR255,340_.jpg"
  },
  {
    "id": 22,
    "category": 1,
    "brand": "Saucony",
    "product_name": "Versafoam Cohesion 13",
    "quantity": 26,
    "price": "45.99",
    "cost": 27.59,
    "color": "Black/Black",
    "date": "2021-09-27",
    "image": "https://m.media-amazon.com/images/I/710OzV2gUrL._AC_SR255,340_.jpg"
  },
  {
    "id": 23,
    "category": 1,
    "brand": "Crocs",
    "product_name": "Baya Lined Fuzz Strap Clog",
    "quantity": 5,
    "price": "44.96",
    "cost": 26.98,
    "color": "Light Grey/Ice Blue",
    "date": "2021-10-16",
    "image": "https://m.media-amazon.com/images/I/61JoKoZvzEL._AC_SR255,340_.jpg"
  },
  {
    "id": 24,
    "category": 1,
    "brand": "Crocs",
    "product_name": "Crocband II Slide",
    "quantity": 3,
    "price": "24.95",
    "cost": 14.97,
    "color": "Navy/Pepper",
    "date": "2021-10-14",
    "image": "https://m.media-amazon.com/images/I/71+5VzijaTL._AC_SR255,340_.jpg"
  },
  {
    "id": 25,
    "category": 1,
    "brand": "Crocs",
    "product_name": "Baya Slipper",
    "quantity": 40,
    "price": "19.49",
    "cost": 11.69,
    "color": "Slate Grey/Slate Grey",
    "date": "2021-10-11",
    "image": "https://m.media-amazon.com/images/I/719ZQUmFRfL._AC_SR255,340_.jpg"
  },
  {
    "id": 26,
    "category": 1,
    "brand": "Vans",
    "product_name": "Old Skool\u2122",
    "quantity": 11,
    "price": "33.75",
    "cost": 20.25,
    "color": "(Confetti) Black/True White",
    "date": "2021-10-12",
    "image": "https://m.media-amazon.com/images/I/71ceitVXlvL._AC_SR255,340_.jpg"
  },
  {
    "id": 27,
    "category": 1,
    "brand": "Tommy Hilfiger",
    "product_name": "Lache",
    "quantity": 10,
    "price": "55.25",
    "cost": 33.15,
    "color": "Navy",
    "date": "2021-10-06",
    "image": "https://m.media-amazon.com/images/I/71yLWETzSGL._AC_SR255,340_.jpg"
  },
  {
    "id": 28,
    "category": 1,
    "brand": "Reebok",
    "product_name": "Classic Renaissance",
    "quantity": 44,
    "price": "34.02",
    "cost": 20.41,
    "color": "White/Steel",
    "date": "2021-10-04",
    "image": "https://m.media-amazon.com/images/I/71BBz3azQLL._AC_SR255,340_.jpg"
  },
  {
    "id": 29,
    "category": 1,
    "brand": "Reebok",
    "product_name": "Classic Harman Run",
    "quantity": 10,
    "price": "54.95",
    "cost": 32.97,
    "color": "Black/Gum",
    "date": "2021-10-13",
    "image": "https://m.media-amazon.com/images/I/81xwR2nLnlL._AC_SR255,340_.jpg"
  },
  {
    "id": 30,
    "category": 1,
    "brand": "Vans",
    "product_name": "Authentic\u2122",
    "quantity": 16,
    "price": "25.97",
    "cost": 15.58,
    "color": "(Checkerboard) Orchid/True White",
    "date": "2021-10-13",
    "image": "https://m.media-amazon.com/images/I/71oV+n4UeuL._AC_SR255,340_.jpg"
  },
  {
    "id": 31,
    "category": 1,
    "brand": "Crocs",
    "product_name": "Baya Flip",
    "quantity": 6,
    "price": "19.95",
    "cost": 11.97,
    "color": "Black",
    "date": "2021-10-01",
    "image": "https://m.media-amazon.com/images/I/71rZ-b6GSAL._AC_SR255,340_.jpg"
  },
  {
    "id": 32,
    "category": 1,
    "brand": "Fila",
    "product_name": "Memory Workshift",
    "quantity": 3,
    "price": "32.39",
    "cost": 19.43,
    "color": "Black/Black/Black",
    "date": "2021-10-06",
    "image": "https://m.media-amazon.com/images/I/81EZ1ILyXzL._AC_SR255,340_.jpg"
  },
  {
    "id": 33,
    "category": 1,
    "brand": "On",
    "product_name": "Cloudventure Waterproof",
    "quantity": 20,
    "price": "95.20",
    "cost": 57.12,
    "color": "Storm/Cobble",
    "date": "2021-10-01",
    "image": "https://m.media-amazon.com/images/I/71j9JWH8IOL._AC_SR255,340_.jpg"
  },
  {
    "id": 34,
    "category": 1,
    "brand": "New Balance",
    "product_name": "Fresh Foam 1080v10",
    "quantity": 20,
    "price": "74.25",
    "cost": 44.55,
    "color": "Lead/Black",
    "date": "2021-09-22",
    "image": "https://m.media-amazon.com/images/I/81WeYmd3tVL._AC_SR255,340_.jpg"
  },
  {
    "id": 35,
    "category": 1,
    "brand": "Merrell",
    "product_name": "Altalight",
    "quantity": 26,
    "price": "59.80",
    "cost": 35.88,
    "color": "Butternut",
    "date": "2021-10-02",
    "image": "https://m.media-amazon.com/images/I/81rD2EUaN3L._AC_SR255,340_.jpg"
  },
  {
    "id": 36,
    "category": 1,
    "brand": "Reebok",
    "product_name": "Classic Harman Run",
    "quantity": 33,
    "price": "39.51",
    "cost": 23.71,
    "color": "Vector Navy/Smoky Indigo/Chalk",
    "date": "2021-09-25",
    "image": "https://m.media-amazon.com/images/I/71cyW58ljyL._AC_SR255,340_.jpg"
  },
  {
    "id": 37,
    "category": 1,
    "brand": "Nike",
    "product_name": "Benassi JDI Slide",
    "quantity": 31,
    "price": "17.00",
    "cost": 10.2,
    "color": "Black/Gold",
    "date": "2021-09-18",
    "image": "https://m.media-amazon.com/images/I/61NDqVhbeyL._AC_SR255,340_.jpg"
  },
  {
    "id": 38,
    "category": 1,
    "brand": "Baffin",
    "product_name": "Cush",
    "quantity": 29,
    "price": "13.95",
    "cost": 8.37,
    "color": "Electric Blue",
    "date": "2021-10-07",
    "image": "https://m.media-amazon.com/images/I/71XF1teVfKL._AC_SR255,340_.jpg"
  },
  {
    "id": 39,
    "category": 1,
    "brand": "Tommy Hilfiger",
    "product_name": "Pandora",
    "quantity": 11,
    "price": "42.99",
    "cost": 25.79,
    "color": "White",
    "date": "2021-09-25",
    "image": "https://m.media-amazon.com/images/I/81qck0815yL._AC_SR255,340_.jpg"
  },
  {
    "id": 40,
    "category": 1,
    "brand": "Tommy Hilfiger",
    "product_name": "Ruby 2",
    "quantity": 25,
    "price": "41.25",
    "cost": 24.75,
    "color": "Navy",
    "date": "2021-10-01",
    "image": "https://m.media-amazon.com/images/I/71TezfyE+JS._AC_SR255,340_.jpg"
  },
  {
    "id": 41,
    "category": 1,
    "brand": "Crocs",
    "product_name": "Crocband II Clog",
    "quantity": 25,
    "price": "39.95",
    "cost": 23.97,
    "color": "Black/Black",
    "date": "2021-09-19",
    "image": "https://m.media-amazon.com/images/I/81bQY6VFAnL._AC_SR255,340_.jpg"
  },
  {
    "id": 42,
    "category": 1,
    "brand": "U.S. POLO ASSN.",
    "product_name": "U-Run-BX",
    "quantity": 4,
    "price": "26.29",
    "cost": 15.77,
    "color": "Grey",
    "date": "2021-10-08",
    "image": "https://m.media-amazon.com/images/I/71MjI0uODmL._AC_SR255,340_.jpg"
  },
  {
    "id": 43,
    "category": 1,
    "brand": "U.S. POLO ASSN.",
    "product_name": "U-Tread-BX",
    "quantity": 25,
    "price": "29.99",
    "cost": 17.99,
    "color": "Navy/Orange",
    "date": "2021-10-11",
    "image": "https://m.media-amazon.com/images/I/71s2pLcuRpL._AC_SR255,340_.jpg"
  },
  {
    "id": 44,
    "category": 1,
    "brand": "Avia",
    "product_name": "Avi-Union II",
    "quantity": 33,
    "price": "27.00",
    "cost": 16.2,
    "color": "White/Chrome Silver",
    "date": "2021-10-04",
    "image": "https://m.media-amazon.com/images/I/71YHLxWvpAL._AC_SR255,340_.jpg"
  },
  {
    "id": 45,
    "category": 1,
    "brand": "Vans",
    "product_name": "Old Skool\u2122",
    "quantity": 19,
    "price": "37.40",
    "cost": 22.44,
    "color": "(Red Roses) True White",
    "date": "2021-10-04",
    "image": "https://m.media-amazon.com/images/I/717FOY5LTPL._AC_SR255,340_.jpg"
  },
  {
    "id": 46,
    "category": 1,
    "brand": "Tommy Hilfiger",
    "product_name": "Raylee",
    "quantity": 44,
    "price": "29.98",
    "cost": 17.99,
    "color": "Dark Blue",
    "date": "2021-10-04",
    "image": "https://m.media-amazon.com/images/I/610YvFjEEkL._AC_SR255,340_.jpg"
  },
  {
    "id": 47,
    "category": 1,
    "brand": "Vans",
    "product_name": "Classic Slip-On\u2122",
    "quantity": 33,
    "price": "35.70",
    "cost": 21.42,
    "color": "(Bandana) Classic White/Black",
    "date": "2021-10-12",
    "image": "https://m.media-amazon.com/images/I/719CO2T8n5L._AC_SR255,340_.jpg"
  },
  {
    "id": 48,
    "category": 1,
    "brand": "Crocs",
    "product_name": "Baya Lined Clog",
    "quantity": 2,
    "price": "47.96",
    "cost": 28.78,
    "color": "Navy/Navy",
    "date": "2021-10-02",
    "image": "https://m.media-amazon.com/images/I/71u9nYkDvEL._AC_SR255,340_.jpg"
  },
  {
    "id": 49,
    "category": 1,
    "brand": "ASICS",
    "product_name": "Gel-Quantum Lyte",
    "quantity": 27,
    "price": "51.52",
    "cost": 30.91,
    "color": "Black/Monaco Blue",
    "date": "2021-10-11",
    "image": "https://m.media-amazon.com/images/I/81VwYKolVJL._AC_SR255,340_.jpg"
  },
  {
    "id": 50,
    "category": 1,
    "brand": "Crocs",
    "product_name": "Baya Slide",
    "quantity": 25,
    "price": "19.95",
    "cost": 11.97,
    "color": "Navy",
    "date": "2021-10-07",
    "image": "https://m.media-amazon.com/images/I/81ozUHWPF6L._AC_SR255,340_.jpg"
  },
  {
    "id": 51,
    "category": 1,
    "brand": "Fila",
    "product_name": "Evergrand TR 21.5",
    "quantity": 35,
    "price": "39.00",
    "cost": 23.4,
    "color": "Castlerock/Black/Fila Red",
    "date": "2021-10-03",
    "image": "https://m.media-amazon.com/images/I/81I+3oYY4gL._AC_SR255,340_.jpg"
  },
  {
    "id": 52,
    "category": 1,
    "brand": "Crocs",
    "product_name": "Baya Lined Realtree Xtra Clog",
    "quantity": 28,
    "price": "35.72",
    "cost": 21.43,
    "color": "Khaki",
    "date": "2021-10-02",
    "image": "https://m.media-amazon.com/images/I/81G51iHAbuL._AC_SR255,340_.jpg"
  },
  {
    "id": 53,
    "category": 1,
    "brand": "Avia",
    "product_name": "Avi-Verge",
    "quantity": 2,
    "price": "45.00",
    "cost": 27.0,
    "color": "White/Black/Red",
    "date": "2021-09-22",
    "image": "https://m.media-amazon.com/images/I/71z0OlOZaJL._AC_SR255,340_.jpg"
  },
  {
    "id": 54,
    "category": 1,
    "brand": "Reebok",
    "product_name": "Royal BB4500 HI2 High Top",
    "quantity": 4,
    "price": "44.97",
    "cost": 26.98,
    "color": "Black/Alloy",
    "date": "2021-10-06",
    "image": "https://m.media-amazon.com/images/I/8199UJXVkwL._AC_SR255,340_.jpg"
  },
  {
    "id": 55,
    "category": 1,
    "brand": "Saucony",
    "product_name": "Grid Escape TR5",
    "quantity": 26,
    "price": "72.99",
    "cost": 43.79,
    "color": "Black/Silver/Red",
    "date": "2021-10-14",
    "image": "https://m.media-amazon.com/images/I/714s6-70c1S._AC_SR255,340_.jpg"
  },
  {
    "id": 56,
    "category": 1,
    "brand": "adidas",
    "product_name": "adilette",
    "quantity": 5,
    "price": "27.20",
    "cost": 16.32,
    "color": "Core Black/Core Black/Core Black",
    "date": "2021-09-26",
    "image": "https://m.media-amazon.com/images/I/714mE6NSCbL._AC_SR255,340_.jpg"
  },
  {
    "id": 57,
    "category": 1,
    "brand": "New Balance",
    "product_name": "680v6",
    "quantity": 23,
    "price": "48.45",
    "cost": 29.07,
    "color": "Natural Indigo/Eclipse",
    "date": "2021-10-04",
    "image": "https://m.media-amazon.com/images/I/71qMtk68b+L._AC_SR255,340_.jpg"
  },
  {
    "id": 58,
    "category": 1,
    "brand": "U.S. POLO ASSN.",
    "product_name": "U-Lift-BX",
    "quantity": 4,
    "price": "29.99",
    "cost": 17.99,
    "color": "Black/White",
    "date": "2021-09-25",
    "image": "https://m.media-amazon.com/images/I/81tGzZ7BCrS._AC_SR255,340_.jpg"
  },
  {
    "id": 59,
    "category": 1,
    "brand": "Avia",
    "product_name": "Avi-Verge",
    "quantity": 8,
    "price": "27.00",
    "cost": 16.2,
    "color": "White/True Navy",
    "date": "2021-10-16",
    "image": "https://m.media-amazon.com/images/I/71jg5zA3xML._AC_SR255,340_.jpg"
  },
  {
    "id": 60,
    "category": 1,
    "brand": "ASICS",
    "product_name": "Gel-Kumo Lyte 2",
    "quantity": 33,
    "price": "59.32",
    "cost": 35.59,
    "color": "Black/White",
    "date": "2021-09-27",
    "image": "https://m.media-amazon.com/images/I/71nCARJx0+L._AC_SR255,340_.jpg"
  },
  {
    "id": 61,
    "category": 1,
    "brand": "GUESS",
    "product_name": "Art",
    "quantity": 0,
    "price": "45.27",
    "cost": 27.16,
    "color": "Black",
    "date": "2021-09-18",
    "image": "https://m.media-amazon.com/images/I/71IGPKjXpOL._AC_SR255,340_.jpg"
  },
  {
    "id": 62,
    "category": 1,
    "brand": "Dr. Martens",
    "product_name": "Hardie Connection",
    "quantity": 11,
    "price": "88.44",
    "cost": 53.06,
    "color": "Slate Grey",
    "date": "2021-10-04",
    "image": "https://m.media-amazon.com/images/I/81nXfV-HzkL._AC_SR255,340_.jpg"
  },
  {
    "id": 63,
    "category": 1,
    "brand": "Vans",
    "product_name": "Classic Slip-On\u2122",
    "quantity": 8,
    "price": "34.85",
    "cost": 20.91,
    "color": "(Red Roses) True White",
    "date": "2021-10-09",
    "image": "https://m.media-amazon.com/images/I/712ySxMFhJL._AC_SR255,340_.jpg"
  },
  {
    "id": 64,
    "category": 1,
    "brand": "Kenneth Cole Unlisted",
    "product_name": "Stand Elastic Slip-On",
    "quantity": 27,
    "price": "39.18",
    "cost": 23.51,
    "color": "Black/Black",
    "date": "2021-10-07",
    "image": "https://m.media-amazon.com/images/I/71CgTyiutWL._AC_SR255,340_.jpg"
  },
  {
    "id": 65,
    "category": 1,
    "brand": "Reebok",
    "product_name": "Club Memt",
    "quantity": 38,
    "price": "45.97",
    "cost": 27.58,
    "color": "White/White/Clover Green",
    "date": "2021-09-28",
    "image": "https://m.media-amazon.com/images/I/61ArFF9koLL._AC_SR255,340_.jpg"
  },
  {
    "id": 66,
    "category": 1,
    "brand": "Tommy Hilfiger",
    "product_name": "Ednor",
    "quantity": 18,
    "price": "22.00",
    "cost": 13.2,
    "color": "Red",
    "date": "2021-10-16",
    "image": "https://m.media-amazon.com/images/I/71NZl44fGuL._AC_SR255,340_.jpg"
  },
  {
    "id": 67,
    "category": 1,
    "brand": "Reebok",
    "product_name": "Classic Harman Run",
    "quantity": 1,
    "price": "35.38",
    "cost": 21.23,
    "color": "Merlot/Maroon/Chalk",
    "date": "2021-09-30",
    "image": "https://m.media-amazon.com/images/I/71Ghe7CuhEL._AC_SR255,340_.jpg"
  },
  {
    "id": 68,
    "category": 1,
    "brand": "Kenneth Cole Unlisted",
    "product_name": "Stay Lace-Up",
    "quantity": 25,
    "price": "34.00",
    "cost": 20.4,
    "color": "Black",
    "date": "2021-09-23",
    "image": "https://m.media-amazon.com/images/I/71Lp-e1krWL._AC_SR255,340_.jpg"
  },
  {
    "id": 69,
    "category": 1,
    "brand": "Levi's\u00ae Shoes",
    "product_name": "Court Lo Mono",
    "quantity": 30,
    "price": "44.00",
    "cost": 26.4,
    "color": "Black Monochrome",
    "date": "2021-10-03",
    "image": "https://m.media-amazon.com/images/I/51aLD3Wmh8L._AC_SR255,340_.jpg"
  },
  {
    "id": 70,
    "category": 1,
    "brand": "Vans",
    "product_name": "Authentic\u2122",
    "quantity": 25,
    "price": "36.55",
    "cost": 21.93,
    "color": "(Bleach Wash) Ballad Blue",
    "date": "2021-10-13",
    "image": "https://m.media-amazon.com/images/I/61g43d7iSGL._AC_SR255,340_.jpg"
  },
  {
    "id": 71,
    "category": 1,
    "brand": "Tommy Hilfiger",
    "product_name": "Mezol",
    "quantity": 37,
    "price": "70.00",
    "cost": 42.0,
    "color": "Dark Blue",
    "date": "2021-10-10",
    "image": "https://m.media-amazon.com/images/I/71arYRS8WSL._AC_SR255,340_.jpg"
  },
  {
    "id": 72,
    "category": 1,
    "brand": "Reebok",
    "product_name": "Club Memt",
    "quantity": 49,
    "price": "36.82",
    "cost": 22.09,
    "color": "Pure Grey/Pure Grey/Boulder Brown",
    "date": "2021-10-14",
    "image": "https://m.media-amazon.com/images/I/71d1kcmJ8nL._AC_SR255,340_.jpg"
  },
  {
    "id": 73,
    "category": 1,
    "brand": "Crocs",
    "product_name": "Specialist Vent",
    "quantity": 22,
    "price": "29.95",
    "cost": 17.97,
    "color": "Black",
    "date": "2021-10-12",
    "image": "https://m.media-amazon.com/images/I/811U6mcIZ8L._AC_SR255,340_.jpg"
  },
  {
    "id": 74,
    "category": 1,
    "brand": "Fila",
    "product_name": "Original Fitness",
    "quantity": 4,
    "price": "27.00",
    "cost": 16.2,
    "color": "Biking Red/Fila Navy/White",
    "date": "2021-09-24",
    "image": "https://m.media-amazon.com/images/I/71wrF5e19RL._AC_SR255,340_.jpg"
  },
  {
    "id": 75,
    "category": 1,
    "brand": "Tommy Hilfiger",
    "product_name": "Lache",
    "quantity": 14,
    "price": "55.25",
    "cost": 33.15,
    "color": "Cognac",
    "date": "2021-09-28",
    "image": "https://m.media-amazon.com/images/I/81f0qWLSASL._AC_SR255,340_.jpg"
  },
  {
    "id": 76,
    "category": 1,
    "brand": "ECCO Sport",
    "product_name": "Rugged Track High",
    "quantity": 15,
    "price": "106.40",
    "cost": 63.84,
    "color": "Black/Black/Black",
    "date": "2021-09-21",
    "image": "https://m.media-amazon.com/images/I/61hf0Fnk2iL._AC_SR255,340_.jpg"
  },
  {
    "id": 77,
    "category": 1,
    "brand": "Tommy Hilfiger",
    "product_name": "Rowdy",
    "quantity": 1,
    "price": "15.85",
    "cost": 9.51,
    "color": "White Multi",
    "date": "2021-10-14",
    "image": "https://m.media-amazon.com/images/I/61Q7isf-sQL._AC_SR255,340_.jpg"
  },
  {
    "id": 78,
    "category": 1,
    "brand": "Lugz",
    "product_name": "Rapid",
    "quantity": 19,
    "price": "45.18",
    "cost": 27.11,
    "color": "Black/White",
    "date": "2021-09-30",
    "image": "https://m.media-amazon.com/images/I/71qVhz2szKL._AC_SR255,340_.jpg"
  },
  {
    "id": 79,
    "category": 1,
    "brand": "Crocs",
    "product_name": "Baya Clog (Unisex)",
    "quantity": 26,
    "price": "34.95",
    "cost": 20.97,
    "color": "Graphite",
    "date": "2021-09-23",
    "image": "https://m.media-amazon.com/images/I/81Zx1kDboOL._AC_SR255,340_.jpg"
  },
  {
    "id": 80,
    "category": 1,
    "brand": "Crocs",
    "product_name": "Baya Clog (Unisex)",
    "quantity": 10,
    "price": "29.95",
    "cost": 17.97,
    "color": "Lemon",
    "date": "2021-10-13",
    "image": "https://m.media-amazon.com/images/I/61q0UEf-BaL._AC_SR255,340_.jpg"
  },
  {
    "id": 81,
    "category": 1,
    "brand": "Levi's\u00ae Shoes",
    "product_name": "Mod Hi Mono",
    "quantity": 29,
    "price": "48.00",
    "cost": 28.8,
    "color": "Black Monochrome",
    "date": "2021-09-24",
    "image": "https://m.media-amazon.com/images/I/611YKPw62pL._AC_SR255,340_.jpg"
  },
  {
    "id": 82,
    "category": 1,
    "brand": "Merrell",
    "product_name": "Altalight Mid Waterproof",
    "quantity": 12,
    "price": "85.00",
    "cost": 51.0,
    "color": "Black/Rock",
    "date": "2021-09-30",
    "image": "https://m.media-amazon.com/images/I/71qMkJ2dDbL._AC_SR255,340_.jpg"
  },
  {
    "id": 83,
    "category": 1,
    "brand": "Tommy Hilfiger",
    "product_name": "Loren",
    "quantity": 10,
    "price": "55.30",
    "cost": 33.18,
    "color": "Dark Blue",
    "date": "2021-10-16",
    "image": "https://m.media-amazon.com/images/I/71d-v-TRuUL._AC_SR255,340_.jpg"
  },
  {
    "id": 84,
    "category": 1,
    "brand": "New Balance",
    "product_name": "Fresh Foam 1080v10",
    "quantity": 44,
    "price": "59.15",
    "cost": 35.49,
    "color": "Summer Fog/Neo Crimson",
    "date": "2021-10-03",
    "image": "https://m.media-amazon.com/images/I/81DqkI9JmYL._AC_SR255,340_.jpg"
  },
  {
    "id": 85,
    "category": 1,
    "brand": "Mizuno",
    "product_name": "Wave Sky 4 WAVEKNIT\u2122",
    "quantity": 45,
    "price": "99.95",
    "cost": 59.97,
    "color": "Frost Grey",
    "date": "2021-10-16",
    "image": "https://m.media-amazon.com/images/I/81ajbDfkTeL._AC_SR255,340_.jpg"
  },
  {
    "id": 86,
    "category": 1,
    "brand": "Converse",
    "product_name": "Chuck Taylor\u00ae All Star\u00ae Cx Hi - Hybrid Function",
    "quantity": 23,
    "price": "56.00",
    "cost": 33.6,
    "color": "Black/Steel/Wild Mango",
    "date": "2021-10-14",
    "image": "https://m.media-amazon.com/images/I/818yfC7FlMS._AC_SR255,340_.jpg"
  },
  {
    "id": 87,
    "category": 1,
    "brand": "GUESS",
    "product_name": "Areno",
    "quantity": 5,
    "price": "37.50",
    "cost": 22.5,
    "color": "Black",
    "date": "2021-09-22",
    "image": "https://m.media-amazon.com/images/I/81BZ10mYi1L._AC_SR255,340_.jpg"
  },
  {
    "id": 88,
    "category": 1,
    "brand": "Tommy Hilfiger",
    "product_name": "Xander",
    "quantity": 32,
    "price": "26.00",
    "cost": 15.6,
    "color": "Dark Blue Fabric",
    "date": "2021-10-12",
    "image": "https://m.media-amazon.com/images/I/61mWJijPDPL._AC_SR255,340_.jpg"
  },
  {
    "id": 89,
    "category": 1,
    "brand": "Tommy Hilfiger",
    "product_name": "Lenard",
    "quantity": 34,
    "price": "52.50",
    "cost": 31.5,
    "color": "White",
    "date": "2021-10-01",
    "image": "https://m.media-amazon.com/images/I/61AKczTwVwS._AC_SR255,340_.jpg"
  },
  {
    "id": 90,
    "category": 1,
    "brand": "ECCO",
    "product_name": "Fusion Slip-On",
    "quantity": 20,
    "price": "125.05",
    "cost": 75.03,
    "color": "Black",
    "date": "2021-10-07",
    "image": "https://m.media-amazon.com/images/I/71u8mOsujDL._AC_SR255,340_.jpg"
  },
  {
    "id": 91,
    "category": 1,
    "brand": "Rockport",
    "product_name": "Storm Surge Water Proof Plain Toe Boot",
    "quantity": 0,
    "price": "73.28",
    "cost": 43.97,
    "color": "Black",
    "date": "2021-10-13",
    "image": "https://m.media-amazon.com/images/I/71EeJX0FKSL._AC_SR255,340_.jpg"
  },
  {
    "id": 92,
    "category": 1,
    "brand": "Fila",
    "product_name": "Memory Decimus 7",
    "quantity": 18,
    "price": "45.00",
    "cost": 27.0,
    "color": "Black/Castlerock/Metallic Silver",
    "date": "2021-10-12",
    "image": "https://m.media-amazon.com/images/I/71JHw+SCP6L._AC_SR255,340_.jpg"
  },
  {
    "id": 93,
    "category": 1,
    "brand": "Under Armour",
    "product_name": "Charged Bandit 6",
    "quantity": 3,
    "price": "52.70",
    "cost": 31.62,
    "color": "Black/White",
    "date": "2021-09-23",
    "image": "https://m.media-amazon.com/images/I/71MyCuwp4xL._AC_SR255,340_.jpg"
  },
  {
    "id": 94,
    "category": 1,
    "brand": "Western Chief",
    "product_name": "Weston Step In",
    "quantity": 43,
    "price": "36.36",
    "cost": 21.82,
    "color": "Black",
    "date": "2021-09-28",
    "image": "https://m.media-amazon.com/images/I/713apweL8BS._AC_SR255,340_.jpg"
  },
  {
    "id": 95,
    "category": 1,
    "brand": "Tommy Hilfiger",
    "product_name": "Romino",
    "quantity": 11,
    "price": "28.00",
    "cost": 16.8,
    "color": "Black",
    "date": "2021-10-15",
    "image": "https://m.media-amazon.com/images/I/61D6GiSNu1L._AC_SR255,340_.jpg"
  },
  {
    "id": 96,
    "category": 1,
    "brand": "Tommy Hilfiger",
    "product_name": "Loren",
    "quantity": 6,
    "price": "51.35",
    "cost": 30.81,
    "color": "White",
    "date": "2021-10-02",
    "image": "https://m.media-amazon.com/images/I/61JX5FhCiWL._AC_SR255,340_.jpg"
  },
  {
    "id": 97,
    "category": 1,
    "brand": "Crocs",
    "product_name": "Coast Clog",
    "quantity": 10,
    "price": "29.95",
    "cost": 17.97,
    "color": "Navy",
    "date": "2021-09-17",
    "image": "https://m.media-amazon.com/images/I/81oFWvSMFjL._AC_SR255,340_.jpg"
  },
  {
    "id": 98,
    "category": 1,
    "brand": "Lugz",
    "product_name": "Monterey Steel Toe",
    "quantity": 33,
    "price": "48.00",
    "cost": 28.8,
    "color": "Walnut/Gum/Cream",
    "date": "2021-09-25",
    "image": "https://m.media-amazon.com/images/I/71hYvWf7GHL._AC_SR255,340_.jpg"
  },
  {
    "id": 99,
    "category": 1,
    "brand": "Fila",
    "product_name": "AT Peake 23",
    "quantity": 23,
    "price": "36.00",
    "cost": 21.6,
    "color": "Walnut/Black/Gold Fusion",
    "date": "2021-09-23",
    "image": "https://m.media-amazon.com/images/I/81Xl5t0OA7L._AC_SR255,340_.jpg"
  },
  {
    "id": 100,
    "category": 2,
    "brand": "Calvin Klein",
    "product_name": "Maraselle",
    "quantity": 44,
    "price": "36.57",
    "cost": 21.94,
    "color": "Black 1",
    "date": "2021-09-27",
    "image": "https://m.media-amazon.com/images/I/71IM43qXMxL._AC_SR255,340_.jpg"
  },
  {
    "id": 101,
    "category": 2,
    "brand": "Calvin Klein",
    "product_name": "Laura",
    "quantity": 4,
    "price": "42.72",
    "cost": 25.63,
    "color": "Brown",
    "date": "2021-10-13",
    "image": "https://m.media-amazon.com/images/I/71jyzWgZG0L._AC_SR255,340_.jpg"
  },
  {
    "id": 102,
    "category": 2,
    "brand": "SOREL",
    "product_name": "Harlow\u2122 Chelsea",
    "quantity": 29,
    "price": "56.99",
    "cost": 34.19,
    "color": "Quarry",
    "date": "2021-10-02",
    "image": "https://m.media-amazon.com/images/I/81Mx71psNbL._AC_SR255,340_.jpg"
  },
  {
    "id": 103,
    "category": 2,
    "brand": "SOREL",
    "product_name": "Cate\u2122 Chelsea",
    "quantity": 37,
    "price": "84.00",
    "cost": 50.4,
    "color": "Sandy Tan",
    "date": "2021-10-14",
    "image": "https://m.media-amazon.com/images/I/81+vaMXBbGL._AC_SR255,340_.jpg"
  },
  {
    "id": 104,
    "category": 2,
    "brand": "SOREL",
    "product_name": "Harlow\u2122 Chelsea",
    "quantity": 9,
    "price": "72.00",
    "cost": 43.2,
    "color": "Blackened Brown",
    "date": "2021-09-20",
    "image": "https://m.media-amazon.com/images/I/71mvB+eNU1L._AC_SR255,340_.jpg"
  },
  {
    "id": 105,
    "category": 2,
    "brand": "Circus by Sam Edelman",
    "product_name": "Mae",
    "quantity": 47,
    "price": "6.50",
    "cost": 3.9,
    "color": "Sandy Beige",
    "date": "2021-10-10",
    "image": "https://m.media-amazon.com/images/I/61enCIIfNuL._AC_SR255,340_.jpg"
  },
  {
    "id": 106,
    "category": 2,
    "brand": "Steve Madden",
    "product_name": "Orans Sneaker",
    "quantity": 14,
    "price": "45.45",
    "cost": 27.27,
    "color": "Black",
    "date": "2021-10-07",
    "image": "https://m.media-amazon.com/images/I/816XACT0C9L._AC_SR255,340_.jpg"
  },
  {
    "id": 107,
    "category": 2,
    "brand": "SOREL",
    "product_name": "Cate\u2122 Chelsea",
    "quantity": 34,
    "price": "84.75",
    "cost": 50.85,
    "color": "Velvet Tan",
    "date": "2021-10-11",
    "image": "https://m.media-amazon.com/images/I/81hJ4XGW7BL._AC_SR255,340_.jpg"
  },
  {
    "id": 108,
    "category": 2,
    "brand": "MICHAEL Michael Kors",
    "product_name": "Chapman Lace-Up",
    "quantity": 22,
    "price": "87.75",
    "cost": 52.65,
    "color": "Light Cream Multi",
    "date": "2021-10-11",
    "image": "https://m.media-amazon.com/images/I/71tMhhU7KEL._AC_SR255,340_.jpg"
  },
  {
    "id": 109,
    "category": 2,
    "brand": "Calvin Klein",
    "product_name": "Levonne",
    "quantity": 46,
    "price": "39.50",
    "cost": 23.7,
    "color": "Black",
    "date": "2021-09-27",
    "image": "https://m.media-amazon.com/images/I/717DbkXmoeL._AC_SR255,340_.jpg"
  },
  {
    "id": 110,
    "category": 2,
    "brand": "SOREL",
    "product_name": "Joan Uptown\u2122 Lace",
    "quantity": 35,
    "price": "99.75",
    "cost": 59.85,
    "color": "Black",
    "date": "2021-09-25",
    "image": "https://m.media-amazon.com/images/I/71KbWuQpn7L._AC_SR255,340_.jpg"
  },
  {
    "id": 111,
    "category": 2,
    "brand": "GUESS",
    "product_name": "Astir",
    "quantity": 39,
    "price": "48.30",
    "cost": 28.98,
    "color": "White",
    "date": "2021-10-13",
    "image": "https://m.media-amazon.com/images/I/51MbMfYmidL._AC_SR255,340_.jpg"
  },
  {
    "id": 112,
    "category": 2,
    "brand": "GUESS",
    "product_name": "Loven",
    "quantity": 11,
    "price": "49.95",
    "cost": 29.97,
    "color": "White/Blushy",
    "date": "2021-09-20",
    "image": "https://m.media-amazon.com/images/I/71lGJTOT5YS._AC_SR255,340_.jpg"
  },
  {
    "id": 113,
    "category": 2,
    "brand": "SOREL",
    "product_name": "Cate\u2122 Lace",
    "quantity": 34,
    "price": "89.25",
    "cost": 53.55,
    "color": "Major",
    "date": "2021-10-08",
    "image": "https://m.media-amazon.com/images/I/81wyImprUdL._AC_SR255,340_.jpg"
  },
  {
    "id": 114,
    "category": 2,
    "brand": "Tommy Hilfiger",
    "product_name": "Shano-WC",
    "quantity": 41,
    "price": "46.56",
    "cost": 27.94,
    "color": "Black/Black",
    "date": "2021-09-25",
    "image": "https://m.media-amazon.com/images/I/71GHvN0qBNL._AC_SR255,340_.jpg"
  },
  {
    "id": 115,
    "category": 2,
    "brand": "Tommy Hilfiger",
    "product_name": "Fentii",
    "quantity": 33,
    "price": "35.41",
    "cost": 21.25,
    "color": "White",
    "date": "2021-09-19",
    "image": "https://m.media-amazon.com/images/I/710cJUKOsoL._AC_SR255,340_.jpg"
  },
  {
    "id": 116,
    "category": 2,
    "brand": "GBG Los Angeles",
    "product_name": "Magiq",
    "quantity": 11,
    "price": "34.30",
    "cost": 20.58,
    "color": "White/Dark Chocolate/Oro",
    "date": "2021-10-16",
    "image": "https://m.media-amazon.com/images/I/61d68FbDFRL._AC_SR255,340_.jpg"
  },
  {
    "id": 117,
    "category": 2,
    "brand": "Tommy Hilfiger",
    "product_name": "Laven",
    "quantity": 10,
    "price": "32.45",
    "cost": 19.47,
    "color": "Navy",
    "date": "2021-10-14",
    "image": "https://m.media-amazon.com/images/I/716XY7h7AkL._AC_SR255,340_.jpg"
  },
  {
    "id": 118,
    "category": 2,
    "brand": "Crocs",
    "product_name": "Specialist Enclosed (Unisex)",
    "quantity": 30,
    "price": "24.95",
    "cost": 14.97,
    "color": "Black",
    "date": "2021-09-26",
    "image": "https://m.media-amazon.com/images/I/81fQwNsPWjL._AC_SR255,340_.jpg"
  },
  {
    "id": 119,
    "category": 2,
    "brand": "Crocs",
    "product_name": "Baya Slipper",
    "quantity": 31,
    "price": "19.49",
    "cost": 11.69,
    "color": "Black/Black",
    "date": "2021-09-24",
    "image": "https://m.media-amazon.com/images/I/71TvRarCuRL._AC_SR255,340_.jpg"
  },
  {
    "id": 120,
    "category": 2,
    "brand": "Steve Madden",
    "product_name": "Coulter-Q Sneaker",
    "quantity": 34,
    "price": "59.95",
    "cost": 35.97,
    "color": "Black",
    "date": "2021-10-08",
    "image": "https://m.media-amazon.com/images/I/71lFwnoQ5AL._AC_SR255,340_.jpg"
  },
  {
    "id": 121,
    "category": 2,
    "brand": "Born",
    "product_name": "Indre",
    "quantity": 29,
    "price": "52.80",
    "cost": 31.68,
    "color": "Brown",
    "date": "2021-09-26",
    "image": "https://m.media-amazon.com/images/I/615vp3+J1sL._AC_SR255,340_.jpg"
  },
  {
    "id": 122,
    "category": 2,
    "brand": "GBG Los Angeles",
    "product_name": "Backer",
    "quantity": 1,
    "price": "26.95",
    "cost": 16.17,
    "color": "Black/Black",
    "date": "2021-09-17",
    "image": "https://m.media-amazon.com/images/I/71bmkcfarfL._AC_SR255,340_.jpg"
  },
  {
    "id": 123,
    "category": 2,
    "brand": "Tommy Hilfiger",
    "product_name": "Arizel",
    "quantity": 0,
    "price": "48.30",
    "cost": 28.98,
    "color": "Navy",
    "date": "2021-09-30",
    "image": "https://m.media-amazon.com/images/I/71nroLqf-GL._AC_SR255,340_.jpg"
  },
  {
    "id": 124,
    "category": 2,
    "brand": "GUESS",
    "product_name": "Bridelll",
    "quantity": 12,
    "price": "48.95",
    "cost": 29.37,
    "color": "Black/Gunmetal",
    "date": "2021-09-25",
    "image": "https://m.media-amazon.com/images/I/811pFdFdowS._AC_SR255,340_.jpg"
  },
  {
    "id": 125,
    "category": 2,
    "brand": "SOREL",
    "product_name": "Cate\u2122 Lace",
    "quantity": 23,
    "price": "86.25",
    "cost": 51.75,
    "color": "Blackened Brown",
    "date": "2021-09-24",
    "image": "https://m.media-amazon.com/images/I/81Y33OwDY3L._AC_SR255,340_.jpg"
  },
  {
    "id": 126,
    "category": 2,
    "brand": "Tommy Hilfiger",
    "product_name": "Lazzen",
    "quantity": 9,
    "price": "31.80",
    "cost": 19.08,
    "color": "White",
    "date": "2021-09-24",
    "image": "https://m.media-amazon.com/images/I/710CcuiizeL._AC_SR255,340_.jpg"
  },
  {
    "id": 127,
    "category": 2,
    "brand": "Tommy Hilfiger",
    "product_name": "Diedre",
    "quantity": 15,
    "price": "19.50",
    "cost": 11.7,
    "color": "Navy",
    "date": "2021-10-10",
    "image": "https://m.media-amazon.com/images/I/61yDEX+8lxL._AC_SR255,340_.jpg"
  },
  {
    "id": 128,
    "category": 2,
    "brand": "Crocs",
    "product_name": "Baya Slide",
    "quantity": 33,
    "price": "19.95",
    "cost": 11.97,
    "color": "Black",
    "date": "2021-09-20",
    "image": "https://m.media-amazon.com/images/I/81CJLtEQoRL._AC_SR255,340_.jpg"
  },
  {
    "id": 129,
    "category": 2,
    "brand": "Tommy Hilfiger",
    "product_name": "Laven",
    "quantity": 22,
    "price": "41.30",
    "cost": 24.78,
    "color": "White/Gold Multi",
    "date": "2021-09-27",
    "image": "https://m.media-amazon.com/images/I/71KRlcUjqhL._AC_SR255,340_.jpg"
  },
  {
    "id": 130,
    "category": 2,
    "brand": "Calvin Klein",
    "product_name": "Leonie",
    "quantity": 25,
    "price": "39.50",
    "cost": 23.7,
    "color": "Black 1",
    "date": "2021-10-13",
    "image": "https://m.media-amazon.com/images/I/71-GvYXH9aL._AC_SR255,340_.jpg"
  },
  {
    "id": 131,
    "category": 2,
    "brand": "Crocs",
    "product_name": "Coast Clog",
    "quantity": 7,
    "price": "22.07",
    "cost": 13.24,
    "color": "Lemon",
    "date": "2021-10-10",
    "image": "https://m.media-amazon.com/images/I/714nASCmxpL._AC_SR255,340_.jpg"
  },
  {
    "id": 132,
    "category": 2,
    "brand": "Crocs",
    "product_name": "Sloane Shine Low Slide",
    "quantity": 30,
    "price": "17.99",
    "cost": 10.79,
    "color": "Black",
    "date": "2021-10-07",
    "image": "https://m.media-amazon.com/images/I/61dwd-SiccS._AC_SR255,340_.jpg"
  },
  {
    "id": 133,
    "category": 2,
    "brand": "Nike",
    "product_name": "Benassi JDI Slide",
    "quantity": 2,
    "price": "12.65",
    "cost": 7.59,
    "color": "Particle Rose/Metallic Silver",
    "date": "2021-10-16",
    "image": "https://m.media-amazon.com/images/I/71oNKtMbSqL._AC_SR255,340_.jpg"
  },
  {
    "id": 134,
    "category": 2,
    "brand": "Crocs",
    "product_name": "Baya Clog (Unisex)",
    "quantity": 15,
    "price": "33.12",
    "cost": 19.87,
    "color": "Navy",
    "date": "2021-10-05",
    "image": "https://m.media-amazon.com/images/I/71B0U35EnkL._AC_SR255,340_.jpg"
  },
  {
    "id": 135,
    "category": 2,
    "brand": "Tommy Hilfiger",
    "product_name": "Aydea",
    "quantity": 18,
    "price": "38.35",
    "cost": 23.01,
    "color": "White",
    "date": "2021-10-06",
    "image": "https://m.media-amazon.com/images/I/61GzoIpNWOL._AC_SR255,340_.jpg"
  },
  {
    "id": 136,
    "category": 2,
    "brand": "Tommy Hilfiger",
    "product_name": "Luster",
    "quantity": 32,
    "price": "38.35",
    "cost": 23.01,
    "color": "White",
    "date": "2021-10-12",
    "image": "https://m.media-amazon.com/images/I/61iwEk-dipL._AC_SR255,340_.jpg"
  },
  {
    "id": 137,
    "category": 2,
    "brand": "GBG Los Angeles",
    "product_name": "Emrie",
    "quantity": 13,
    "price": "39.50",
    "cost": 23.7,
    "color": "White/White",
    "date": "2021-10-08",
    "image": "https://m.media-amazon.com/images/I/61FF2gqeq5L._AC_SR255,340_.jpg"
  },
  {
    "id": 138,
    "category": 2,
    "brand": "GUESS",
    "product_name": "Samsin",
    "quantity": 8,
    "price": "63.35",
    "cost": 38.01,
    "color": "White",
    "date": "2021-09-17",
    "image": "https://m.media-amazon.com/images/I/61rxYV21zvL._AC_SR255,340_.jpg"
  },
  {
    "id": 139,
    "category": 2,
    "brand": "Crocs",
    "product_name": "Baya Slipper",
    "quantity": 49,
    "price": "22.49",
    "cost": 13.49,
    "color": "Navy/Charcoal",
    "date": "2021-09-17",
    "image": "https://m.media-amazon.com/images/I/718fLSTbjIL._AC_SR255,340_.jpg"
  },
  {
    "id": 140,
    "category": 2,
    "brand": "Rocket Dog",
    "product_name": "Maylon 2",
    "quantity": 32,
    "price": "28.05",
    "cost": 16.83,
    "color": "Black Lewis",
    "date": "2021-09-18",
    "image": "https://m.media-amazon.com/images/I/81tdBvYT+-L._AC_SR255,340_.jpg"
  },
  {
    "id": 141,
    "category": 2,
    "brand": "MICHAEL Michael Kors",
    "product_name": "Georgie Trainer",
    "quantity": 2,
    "price": "96.00",
    "cost": 57.6,
    "color": "Camel",
    "date": "2021-10-11",
    "image": "https://m.media-amazon.com/images/I/81F1bgIWEBL._AC_SR255,340_.jpg"
  },
  {
    "id": 142,
    "category": 2,
    "brand": "GBG Los Angeles",
    "product_name": "Marti",
    "quantity": 2,
    "price": "25.60",
    "cost": 15.36,
    "color": "White/Lilac",
    "date": "2021-09-28",
    "image": "https://m.media-amazon.com/images/I/61fOPaTb7GL._AC_SR255,340_.jpg"
  },
  {
    "id": 143,
    "category": 2,
    "brand": "Tommy Hilfiger",
    "product_name": "Lexx",
    "quantity": 0,
    "price": "32.45",
    "cost": 19.47,
    "color": "White",
    "date": "2021-09-25",
    "image": "https://m.media-amazon.com/images/I/717V5NUn86L._AC_SR255,340_.jpg"
  },
  {
    "id": 144,
    "category": 2,
    "brand": "Koolaburra by UGG",
    "product_name": "Koola Mini II",
    "quantity": 36,
    "price": "84.95",
    "cost": 50.97,
    "color": "Berry Red",
    "date": "2021-10-10",
    "image": "https://m.media-amazon.com/images/I/71+97I32i9L._AC_SR255,340_.jpg"
  },
  {
    "id": 145,
    "category": 2,
    "brand": "GUESS",
    "product_name": "Canaly",
    "quantity": 3,
    "price": "54.45",
    "cost": 32.67,
    "color": "Ivory",
    "date": "2021-09-22",
    "image": "https://m.media-amazon.com/images/I/61tvzur9j8L._AC_SR255,340_.jpg"
  },
  {
    "id": 146,
    "category": 2,
    "brand": "GBG Los Angeles",
    "product_name": "Gifty",
    "quantity": 3,
    "price": "48.95",
    "cost": 29.37,
    "color": "Black13/Dark Chocolate",
    "date": "2021-10-05",
    "image": "https://m.media-amazon.com/images/I/81DhzusBzvS._AC_SR255,340_.jpg"
  },
  {
    "id": 147,
    "category": 2,
    "brand": "Rocket Dog",
    "product_name": "Slade",
    "quantity": 27,
    "price": "9.87",
    "cost": 5.92,
    "color": "Natural",
    "date": "2021-09-19",
    "image": "https://m.media-amazon.com/images/I/71B84nhIuLL._AC_SR255,340_.jpg"
  },
  {
    "id": 148,
    "category": 2,
    "brand": "Crocs",
    "product_name": "Capri Basic Strappy Flip",
    "quantity": 38,
    "price": "44.99",
    "cost": 26.99,
    "color": "Black",
    "date": "2021-09-17",
    "image": "https://m.media-amazon.com/images/I/71qZRw3kO7L._AC_SR255,340_.jpg"
  },
  {
    "id": 149,
    "category": 2,
    "brand": "Crocs",
    "product_name": "Baya Clog (Unisex)",
    "quantity": 28,
    "price": "35.95",
    "cost": 21.57,
    "color": "Black",
    "date": "2021-10-04",
    "image": "https://m.media-amazon.com/images/I/815H2KfWoXL._AC_SR255,340_.jpg"
  },
  {
    "id": 150,
    "category": 2,
    "brand": "Vans",
    "product_name": "Slip-On SF",
    "quantity": 11,
    "price": "33.75",
    "cost": 20.25,
    "color": "(Mini Leopard) Suede/Marshmellow 2",
    "date": "2021-09-24",
    "image": "https://m.media-amazon.com/images/I/71wbMMOO7HL._AC_SR255,340_.jpg"
  },
  {
    "id": 151,
    "category": 2,
    "brand": "Tommy Hilfiger",
    "product_name": "Dulce",
    "quantity": 44,
    "price": "17.55",
    "cost": 10.53,
    "color": "Blue Multi Synthetic",
    "date": "2021-09-28",
    "image": "https://m.media-amazon.com/images/I/61E6L7JSL3L._AC_SR255,340_.jpg"
  },
  {
    "id": 152,
    "category": 2,
    "brand": "MICHAEL Michael Kors",
    "product_name": "Allie Trainer",
    "quantity": 25,
    "price": "84.50",
    "cost": 50.7,
    "color": "Silver/Pale Gold",
    "date": "2021-09-18",
    "image": "https://m.media-amazon.com/images/I/71ikGB2jrLL._AC_SR255,340_.jpg"
  },
  {
    "id": 153,
    "category": 2,
    "brand": "Kate Spade New York",
    "product_name": "Sonia",
    "quantity": 13,
    "price": "61.98",
    "cost": 37.19,
    "color": "Pale Vellum",
    "date": "2021-10-14",
    "image": "https://m.media-amazon.com/images/I/61+Kv03+ElL._AC_SR255,340_.jpg"
  },
  {
    "id": 154,
    "category": 2,
    "brand": "ECCO",
    "product_name": "Soft Classic Sneaker",
    "quantity": 19,
    "price": "73.71",
    "cost": 44.23,
    "color": "White",
    "date": "2021-10-03",
    "image": "https://m.media-amazon.com/images/I/51Ii7pP94ML._AC_SR255,340_.jpg"
  },
  {
    "id": 155,
    "category": 2,
    "brand": "Calvin Klein",
    "product_name": "Critsa",
    "quantity": 30,
    "price": "17.40",
    "cost": 10.44,
    "color": "Black",
    "date": "2021-10-09",
    "image": "https://m.media-amazon.com/images/I/61-dOcWoTEL._AC_SR255,340_.jpg"
  },
  {
    "id": 156,
    "category": 2,
    "brand": "LifeStride",
    "product_name": "Xion Exclusive",
    "quantity": 3,
    "price": "38.25",
    "cost": 22.95,
    "color": "Black",
    "date": "2021-10-11",
    "image": "https://m.media-amazon.com/images/I/71Lv4tqC3pL._AC_SR255,340_.jpg"
  },
  {
    "id": 157,
    "category": 2,
    "brand": "SOREL",
    "product_name": "Cate\u2122 Chelsea",
    "quantity": 26,
    "price": "90.75",
    "cost": 54.45,
    "color": "Blackened Brown",
    "date": "2021-09-19",
    "image": "https://m.media-amazon.com/images/I/81qpMDN2maL._AC_SR255,340_.jpg"
  },
  {
    "id": 158,
    "category": 2,
    "brand": "Calvin Klein",
    "product_name": "Laura",
    "quantity": 8,
    "price": "42.72",
    "cost": 25.63,
    "color": "Black",
    "date": "2021-10-03",
    "image": "https://m.media-amazon.com/images/I/71Z8TO+C7dL._AC_SR255,340_.jpg"
  },
  {
    "id": 159,
    "category": 2,
    "brand": "Jessica Simpson",
    "product_name": "Lyrelle",
    "quantity": 13,
    "price": "65.56",
    "cost": 39.34,
    "color": "Black",
    "date": "2021-09-19",
    "image": "https://m.media-amazon.com/images/I/51r-UF3US8L._AC_SR255,340_.jpg"
  },
  {
    "id": 160,
    "category": 2,
    "brand": "SOREL",
    "product_name": "Explorer Joan",
    "quantity": 28,
    "price": "69.00",
    "cost": 41.4,
    "color": "Camel Brown/Ancient Fossil",
    "date": "2021-10-13",
    "image": "https://m.media-amazon.com/images/I/915Ha4ytktL._AC_SR255,340_.jpg"
  },
  {
    "id": 161,
    "category": 2,
    "brand": "Tommy Hilfiger",
    "product_name": "Lelita",
    "quantity": 37,
    "price": "41.30",
    "cost": 24.78,
    "color": "White Leather",
    "date": "2021-10-03",
    "image": "https://m.media-amazon.com/images/I/61V47nOKStL._AC_SR255,340_.jpg"
  },
  {
    "id": 162,
    "category": 2,
    "brand": "DV Dolce Vita",
    "product_name": "Rica",
    "quantity": 13,
    "price": "33.15",
    "cost": 19.89,
    "color": "Leopard",
    "date": "2021-10-06",
    "image": "https://m.media-amazon.com/images/I/71HFSW+-aqL._AC_SR255,340_.jpg"
  },
  {
    "id": 163,
    "category": 2,
    "brand": "Calvin Klein",
    "product_name": "Athens",
    "quantity": 6,
    "price": "29.99",
    "cost": 17.99,
    "color": "Brown",
    "date": "2021-09-26",
    "image": "https://m.media-amazon.com/images/I/71nrU6l7hiS._AC_SR255,340_.jpg"
  },
  {
    "id": 164,
    "category": 2,
    "brand": "Fila",
    "product_name": "Memory Fantom 6",
    "quantity": 16,
    "price": "36.00",
    "cost": 21.6,
    "color": "Black/Black/Black",
    "date": "2021-10-13",
    "image": "https://m.media-amazon.com/images/I/71zRa0NlKUL._AC_SR255,340_.jpg"
  },
  {
    "id": 165,
    "category": 2,
    "brand": "Tommy Hilfiger",
    "product_name": "Laces",
    "quantity": 40,
    "price": "48.30",
    "cost": 28.98,
    "color": "White/White/Navy",
    "date": "2021-09-17",
    "image": "https://m.media-amazon.com/images/I/71uIp1fb16L._AC_SR255,340_.jpg"
  },
  {
    "id": 166,
    "category": 2,
    "brand": "GBG Los Angeles",
    "product_name": "Allyna",
    "quantity": 36,
    "price": "26.58",
    "cost": 15.95,
    "color": "Black",
    "date": "2021-10-07",
    "image": "https://m.media-amazon.com/images/I/71MysQ6+aSL._AC_SR255,340_.jpg"
  },
  {
    "id": 167,
    "category": 2,
    "brand": "Crocs",
    "product_name": "Baya Slipper",
    "quantity": 17,
    "price": "23.99",
    "cost": 14.39,
    "color": "Pink Lemonade",
    "date": "2021-10-10",
    "image": "https://m.media-amazon.com/images/I/61IIfTxbDNL._AC_SR255,340_.jpg"
  },
  {
    "id": 168,
    "category": 2,
    "brand": "Sperry",
    "product_name": "Lounge LTT Mesh",
    "quantity": 23,
    "price": "22.00",
    "cost": 13.2,
    "color": "Ivory",
    "date": "2021-10-12",
    "image": "https://m.media-amazon.com/images/I/71ZhKPuc+0L._AC_SR255,340_.jpg"
  },
  {
    "id": 169,
    "category": 2,
    "brand": "Avia",
    "product_name": "Avi-Union II",
    "quantity": 23,
    "price": "31.50",
    "cost": 18.9,
    "color": "Black/Castle Rock",
    "date": "2021-10-02",
    "image": "https://m.media-amazon.com/images/I/81rHyq++caL._AC_SR255,340_.jpg"
  },
  {
    "id": 170,
    "category": 2,
    "brand": "Crocs",
    "product_name": "Crocband II Clog",
    "quantity": 32,
    "price": "34.99",
    "cost": 20.99,
    "color": "Navy/Bijou Blue",
    "date": "2021-10-11",
    "image": "https://m.media-amazon.com/images/I/81lPWH61KSL._AC_SR255,340_.jpg"
  },
  {
    "id": 171,
    "category": 2,
    "brand": "UNIONBAY",
    "product_name": "Tavia",
    "quantity": 32,
    "price": "21.63",
    "cost": 12.98,
    "color": "Black",
    "date": "2021-10-02",
    "image": "https://m.media-amazon.com/images/I/71sTNre8wdL._AC_SR255,340_.jpg"
  },
  {
    "id": 172,
    "category": 2,
    "brand": "Tommy Hilfiger",
    "product_name": "Rezin",
    "quantity": 7,
    "price": "60.65",
    "cost": 36.39,
    "color": "Black",
    "date": "2021-09-17",
    "image": "https://m.media-amazon.com/images/I/81y00F6cr2L._AC_SR255,340_.jpg"
  },
  {
    "id": 173,
    "category": 2,
    "brand": "Tommy Hilfiger",
    "product_name": "Arizel",
    "quantity": 47,
    "price": "48.30",
    "cost": 28.98,
    "color": "Black",
    "date": "2021-10-05",
    "image": "https://m.media-amazon.com/images/I/61u-6pyKN3L._AC_SR255,340_.jpg"
  },
  {
    "id": 174,
    "category": 2,
    "brand": "Crocs",
    "product_name": "Baya Lined Fuzz Strap Clog",
    "quantity": 16,
    "price": "38.97",
    "cost": 23.38,
    "color": "White/Lavender",
    "date": "2021-10-06",
    "image": "https://m.media-amazon.com/images/I/51CgPvAN27L._AC_SR255,340_.jpg"
  },
  {
    "id": 175,
    "category": 2,
    "brand": "Calvin Klein",
    "product_name": "Celise",
    "quantity": 36,
    "price": "17.40",
    "cost": 10.44,
    "color": "White",
    "date": "2021-09-23",
    "image": "https://m.media-amazon.com/images/I/51U2DLPyiiL._AC_SR255,340_.jpg"
  },
  {
    "id": 176,
    "category": 2,
    "brand": "GUESS",
    "product_name": "Gallton",
    "quantity": 43,
    "price": "48.06",
    "cost": 28.84,
    "color": "Black",
    "date": "2021-10-14",
    "image": "https://m.media-amazon.com/images/I/71ORMRdMXrL._AC_SR255,340_.jpg"
  },
  {
    "id": 177,
    "category": 2,
    "brand": "Bebe",
    "product_name": "Leyla",
    "quantity": 16,
    "price": "51.97",
    "cost": 31.18,
    "color": "Black",
    "date": "2021-10-06",
    "image": "https://m.media-amazon.com/images/I/71Xb0B+IrTL._AC_SR255,340_.jpg"
  },
  {
    "id": 178,
    "category": 2,
    "brand": "Calvin Klein",
    "product_name": "Uzza",
    "quantity": 41,
    "price": "74.99",
    "cost": 44.99,
    "color": "Black 1",
    "date": "2021-10-01",
    "image": "https://m.media-amazon.com/images/I/61z5QsVBS2L._AC_SR255,340_.jpg"
  },
  {
    "id": 179,
    "category": 2,
    "brand": "Koolaburra by UGG",
    "product_name": "Advay",
    "quantity": 2,
    "price": "59.95",
    "cost": 35.97,
    "color": "Black",
    "date": "2021-09-27",
    "image": "https://m.media-amazon.com/images/I/71+qT5e+rSL._AC_SR255,340_.jpg"
  },
  {
    "id": 180,
    "category": 2,
    "brand": "Crocs",
    "product_name": "Baya Lined Fuzz Strap Clog",
    "quantity": 11,
    "price": "44.96",
    "cost": 26.98,
    "color": "Light Grey/Ice Blue",
    "date": "2021-10-11",
    "image": "https://m.media-amazon.com/images/I/61JoKoZvzEL._AC_SR255,340_.jpg"
  },
  {
    "id": 181,
    "category": 2,
    "brand": "Tommy Hilfiger",
    "product_name": "Arizel",
    "quantity": 2,
    "price": "48.30",
    "cost": 28.98,
    "color": "White",
    "date": "2021-10-09",
    "image": "https://m.media-amazon.com/images/I/61u4KrldCuL._AC_SR255,340_.jpg"
  },
  {
    "id": 182,
    "category": 2,
    "brand": "New Balance",
    "product_name": "520v7",
    "quantity": 15,
    "price": "48.74",
    "cost": 29.24,
    "color": "Black/White",
    "date": "2021-10-08",
    "image": "https://m.media-amazon.com/images/I/71XJ4LhZ-aS._AC_SR255,340_.jpg"
  },
  {
    "id": 183,
    "category": 2,
    "brand": "Crocs",
    "product_name": "Crocband II Slide",
    "quantity": 36,
    "price": "24.95",
    "cost": 14.97,
    "color": "Navy/Pepper",
    "date": "2021-10-09",
    "image": "https://m.media-amazon.com/images/I/71+5VzijaTL._AC_SR255,340_.jpg"
  },
  {
    "id": 184,
    "category": 2,
    "brand": "UNIONBAY",
    "product_name": "Harmony",
    "quantity": 1,
    "price": "32.45",
    "cost": 19.47,
    "color": "Black",
    "date": "2021-09-17",
    "image": "https://m.media-amazon.com/images/I/81WzB9ctPLL._AC_SR255,340_.jpg"
  },
  {
    "id": 185,
    "category": 2,
    "brand": "SOREL",
    "product_name": "Joan of Arctic\u2122 Next Lite Strap Puffy",
    "quantity": 3,
    "price": "87.75",
    "cost": 52.65,
    "color": "White",
    "date": "2021-09-17",
    "image": "https://m.media-amazon.com/images/I/61NTnIpmwTL._AC_SR255,340_.jpg"
  },
  {
    "id": 186,
    "category": 2,
    "brand": "Calvin Klein",
    "product_name": "Catia",
    "quantity": 33,
    "price": "17.40",
    "cost": 10.44,
    "color": "Navy",
    "date": "2021-09-30",
    "image": "https://m.media-amazon.com/images/I/61JHVXqcmGL._AC_SR255,340_.jpg"
  },
  {
    "id": 187,
    "category": 2,
    "brand": "Crocs",
    "product_name": "Baya Slipper",
    "quantity": 27,
    "price": "19.49",
    "cost": 11.69,
    "color": "Slate Grey/Slate Grey",
    "date": "2021-09-27",
    "image": "https://m.media-amazon.com/images/I/719ZQUmFRfL._AC_SR255,340_.jpg"
  },
  {
    "id": 188,
    "category": 2,
    "brand": "GBG Los Angeles",
    "product_name": "Emrie",
    "quantity": 24,
    "price": "39.50",
    "cost": 23.7,
    "color": "Black/Black",
    "date": "2021-09-19",
    "image": "https://m.media-amazon.com/images/I/7100IANu7XL._AC_SR255,340_.jpg"
  },
  {
    "id": 189,
    "category": 2,
    "brand": "Vans",
    "product_name": "Old Skool\u2122",
    "quantity": 25,
    "price": "33.75",
    "cost": 20.25,
    "color": "(Confetti) Black/True White",
    "date": "2021-09-17",
    "image": "https://m.media-amazon.com/images/I/71ceitVXlvL._AC_SR255,340_.jpg"
  },
  {
    "id": 190,
    "category": 2,
    "brand": "Dr. Martens",
    "product_name": "1460 Pascal",
    "quantity": 24,
    "price": "68.25",
    "cost": 40.95,
    "color": "Cherry Red",
    "date": "2021-09-29",
    "image": "https://m.media-amazon.com/images/I/81x-e6OO2ZL._AC_SR255,340_.jpg"
  },
  {
    "id": 191,
    "category": 2,
    "brand": "GBG Los Angeles",
    "product_name": "Max",
    "quantity": 35,
    "price": "49.00",
    "cost": 29.4,
    "color": "White",
    "date": "2021-09-21",
    "image": "https://m.media-amazon.com/images/I/61CFW84kO1L._AC_SR255,340_.jpg"
  },
  {
    "id": 192,
    "category": 2,
    "brand": "MICHAEL Michael Kors",
    "product_name": "Allie Trainer",
    "quantity": 46,
    "price": "91.00",
    "cost": 54.6,
    "color": "Black",
    "date": "2021-09-30",
    "image": "https://m.media-amazon.com/images/I/71dzNqirVdL._AC_SR255,340_.jpg"
  },
  {
    "id": 193,
    "category": 2,
    "brand": "Tommy Hilfiger",
    "product_name": "Merigo",
    "quantity": 1,
    "price": "49.97",
    "cost": 29.98,
    "color": "White",
    "date": "2021-09-21",
    "image": "https://m.media-amazon.com/images/I/61qVGoT+9QL._AC_SR255,340_.jpg"
  },
  {
    "id": 194,
    "category": 2,
    "brand": "GBG Los Angeles",
    "product_name": "Benie",
    "quantity": 19,
    "price": "22.77",
    "cost": 13.66,
    "color": "Black",
    "date": "2021-09-20",
    "image": "https://m.media-amazon.com/images/I/71aLt0aSHGL._AC_SR255,340_.jpg"
  },
  {
    "id": 195,
    "category": 2,
    "brand": "Vans",
    "product_name": "Authentic\u2122",
    "quantity": 47,
    "price": "25.97",
    "cost": 15.58,
    "color": "(Checkerboard) Orchid/True White",
    "date": "2021-09-28",
    "image": "https://m.media-amazon.com/images/I/71oV+n4UeuL._AC_SR255,340_.jpg"
  },
  {
    "id": 196,
    "category": 2,
    "brand": "GBG Los Angeles",
    "product_name": "Backer3",
    "quantity": 23,
    "price": "25.02",
    "cost": 15.01,
    "color": "Musk517",
    "date": "2021-09-18",
    "image": "https://m.media-amazon.com/images/I/71uSZ2ErHJL._AC_SR255,340_.jpg"
  },
  {
    "id": 197,
    "category": 2,
    "brand": "Crocs",
    "product_name": "Baya Flip",
    "quantity": 2,
    "price": "19.95",
    "cost": 11.97,
    "color": "Black",
    "date": "2021-10-11",
    "image": "https://m.media-amazon.com/images/I/71rZ-b6GSAL._AC_SR255,340_.jpg"
  },
  {
    "id": 198,
    "category": 2,
    "brand": "Steve Madden",
    "product_name": "Vitality Pump",
    "quantity": 28,
    "price": "53.97",
    "cost": 32.38,
    "color": "Black Patent",
    "date": "2021-09-23",
    "image": "https://m.media-amazon.com/images/I/61zRSqsZxaL._AC_SR255,340_.jpg"
  },
  {
    "id": 199,
    "category": 2,
    "brand": "Tommy Hilfiger",
    "product_name": "Kippa",
    "quantity": 24,
    "price": "51.35",
    "cost": 30.81,
    "color": "Black Synthetic",
    "date": "2021-09-22",
    "image": "https://m.media-amazon.com/images/I/81LdH7nNzSL._AC_SR255,340_.jpg"
  },
  {
    "id": 200,
    "category": 3,
    "brand": "See Kai Run Kids",
    "product_name": "Gilman WP/IN (Toddler/Little Kid/Big Kid)",
    "quantity": 49,
    "price": "40.50",
    "cost": 24.3,
    "color": "Navy/Blue",
    "date": "2021-09-26",
    "image": "https://m.media-amazon.com/images/I/91YPLsJtQXL._AC_SR255,340_.jpg"
  },
  {
    "id": 201,
    "category": 3,
    "brand": "Josmo Kids",
    "product_name": "Paw Patrol Aqua Socks (Toddler/Little Kid)",
    "quantity": 16,
    "price": "12.97",
    "cost": 7.78,
    "color": "Fuchsia/Purple",
    "date": "2021-09-22",
    "image": "https://m.media-amazon.com/images/I/81OQM66M0IL._AC_SR255,340_.jpg"
  },
  {
    "id": 202,
    "category": 3,
    "brand": "Primigi Kids",
    "product_name": "64411 (Toddler/Little Kid/Big Kid)",
    "quantity": 25,
    "price": "44.25",
    "cost": 26.55,
    "color": "Black Leather",
    "date": "2021-09-29",
    "image": "https://m.media-amazon.com/images/I/71F6DGOhckL._AC_SR255,340_.jpg"
  },
  {
    "id": 203,
    "category": 3,
    "brand": "See Kai Run Kids",
    "product_name": "Gilman WP/IN (Toddler/Little Kid/Big Kid)",
    "quantity": 0,
    "price": "39.75",
    "cost": 23.85,
    "color": "Gray/Blue",
    "date": "2021-10-10",
    "image": "https://m.media-amazon.com/images/I/91XzFpmFjfL._AC_SR255,340_.jpg"
  },
  {
    "id": 204,
    "category": 3,
    "brand": "Josmo Kids",
    "product_name": "Frozen Slide Sandal (Toddler/Little Kid)",
    "quantity": 36,
    "price": "12.08",
    "cost": 7.25,
    "color": "Blue",
    "date": "2021-09-26",
    "image": "https://m.media-amazon.com/images/I/71vpQzkg2fL._AC_SR255,340_.jpg"
  },
  {
    "id": 205,
    "category": 3,
    "brand": "Josmo Kids",
    "product_name": "Paw Patrol Slide Sandal (Toddler/Little Kid)",
    "quantity": 25,
    "price": "11.12",
    "cost": 6.67,
    "color": "Pink",
    "date": "2021-10-13",
    "image": "https://m.media-amazon.com/images/I/61Ze2cQgUuS._AC_SR255,340_.jpg"
  },
  {
    "id": 206,
    "category": 3,
    "brand": "Primigi Kids",
    "product_name": "64411 (Toddler/Little Kid/Big Kid)",
    "quantity": 29,
    "price": "42.00",
    "cost": 25.2,
    "color": "Black Patent",
    "date": "2021-10-11",
    "image": "https://m.media-amazon.com/images/I/61dadeeneHL._AC_SR255,340_.jpg"
  },
  {
    "id": 207,
    "category": 3,
    "brand": "Primigi Kids",
    "product_name": "64155 (Toddler/Little Kid)",
    "quantity": 25,
    "price": "42.00",
    "cost": 25.2,
    "color": "Dark Grey",
    "date": "2021-10-10",
    "image": "https://m.media-amazon.com/images/I/81m1mJoAjtL._AC_SR255,340_.jpg"
  },
  {
    "id": 208,
    "category": 3,
    "brand": "Josmo Kids",
    "product_name": "Batman Aqua Sock (Toddler/Little Kid)",
    "quantity": 4,
    "price": "8.99",
    "cost": 5.39,
    "color": "Black/Yellow",
    "date": "2021-10-05",
    "image": "https://m.media-amazon.com/images/I/711n7s8mEeL._AC_SR255,340_.jpg"
  },
  {
    "id": 209,
    "category": 3,
    "brand": "Josmo Kids",
    "product_name": "Paw Patrol Velcro Sandal (Toddler/Little Kid)",
    "quantity": 44,
    "price": "12.46",
    "cost": 7.48,
    "color": "Navy/Grey",
    "date": "2021-10-07",
    "image": "https://m.media-amazon.com/images/I/815zG-qqlvL._AC_SR255,340_.jpg"
  },
  {
    "id": 210,
    "category": 3,
    "brand": "Tsukihoshi Kids",
    "product_name": "B. Storm (Toddler)",
    "quantity": 38,
    "price": "22.55",
    "cost": 13.53,
    "color": "Red/Gray",
    "date": "2021-09-28",
    "image": "https://m.media-amazon.com/images/I/71u73UEcyDL._AC_SR255,340_.jpg"
  },
  {
    "id": 211,
    "category": 3,
    "brand": "Primigi Kids",
    "product_name": "74588 (Toddler/Little Kid)",
    "quantity": 14,
    "price": "41.65",
    "cost": 24.99,
    "color": "Grey/Lime",
    "date": "2021-09-25",
    "image": "https://m.media-amazon.com/images/I/81HJ2p3M+lL._AC_SR255,340_.jpg"
  },
  {
    "id": 212,
    "category": 3,
    "brand": "Tsukihoshi Kids",
    "product_name": "Rainbow (Toddler/Little Kid)",
    "quantity": 49,
    "price": "39.10",
    "cost": 23.46,
    "color": "Silver/Navy",
    "date": "2021-09-28",
    "image": "https://m.media-amazon.com/images/I/81p07cgdHQL._AC_SR255,340_.jpg"
  },
  {
    "id": 213,
    "category": 3,
    "brand": "Josmo Kids",
    "product_name": "Essential Walker (Infant/Toddler)",
    "quantity": 10,
    "price": "24.00",
    "cost": 14.4,
    "color": "Black Woven",
    "date": "2021-09-18",
    "image": "https://m.media-amazon.com/images/I/81TBGKOdWiL._AC_SR255,340_.jpg"
  },
  {
    "id": 214,
    "category": 3,
    "brand": "Tsukihoshi Kids",
    "product_name": "Turbo (Toddler/Little Kid)",
    "quantity": 39,
    "price": "36.55",
    "cost": 21.93,
    "color": "Red/Royal",
    "date": "2021-10-04",
    "image": "https://m.media-amazon.com/images/I/81MoY01N5OL._AC_SR255,340_.jpg"
  },
  {
    "id": 215,
    "category": 3,
    "brand": "Primigi Kids",
    "product_name": "64411 (Toddler/Little Kid/Big Kid)",
    "quantity": 9,
    "price": "42.75",
    "cost": 25.65,
    "color": "Navy Patent",
    "date": "2021-10-07",
    "image": "https://m.media-amazon.com/images/I/71kjfnrF0YL._AC_SR255,340_.jpg"
  },
  {
    "id": 216,
    "category": 3,
    "brand": "Primigi Kids",
    "product_name": "64411 (Toddler/Little Kid/Big Kid)",
    "quantity": 7,
    "price": "45.00",
    "cost": 27.0,
    "color": "Navy Leather",
    "date": "2021-10-15",
    "image": "https://m.media-amazon.com/images/I/714WrgrlDzL._AC_SR255,340_.jpg"
  },
  {
    "id": 217,
    "category": 3,
    "brand": "See Kai Run Kids",
    "product_name": "Robyne (Toddler/Little Kid)",
    "quantity": 45,
    "price": "33.15",
    "cost": 19.89,
    "color": "Hot Pink Shine",
    "date": "2021-10-12",
    "image": "https://m.media-amazon.com/images/I/81QJ-94nmcL._AC_SR255,340_.jpg"
  },
  {
    "id": 218,
    "category": 3,
    "brand": "Primigi Kids",
    "product_name": "73712 (Infant/Toddler/Little Kid)",
    "quantity": 35,
    "price": "45.90",
    "cost": 27.54,
    "color": "Blue",
    "date": "2021-09-30",
    "image": "https://m.media-amazon.com/images/I/71mld-+oU-L._AC_SR255,340_.jpg"
  },
  {
    "id": 219,
    "category": 3,
    "brand": "Josmo Kids",
    "product_name": "Logan Walker (Infant/Toddler)",
    "quantity": 20,
    "price": "27.20",
    "cost": 16.32,
    "color": "Navy",
    "date": "2021-10-12",
    "image": "https://m.media-amazon.com/images/I/71SSZmpzE-L._AC_SR255,340_.jpg"
  },
  {
    "id": 220,
    "category": 3,
    "brand": "Josmo Kids",
    "product_name": "Logan Walker (Infant/Toddler)",
    "quantity": 17,
    "price": "26.35",
    "cost": 15.81,
    "color": "White",
    "date": "2021-10-13",
    "image": "https://m.media-amazon.com/images/I/61Hv9AI8vIL._AC_SR255,340_.jpg"
  },
  {
    "id": 221,
    "category": 3,
    "brand": "Primigi Kids",
    "product_name": "63810 (Little Kid/Big Kid)",
    "quantity": 48,
    "price": "60.00",
    "cost": 36.0,
    "color": "Grey",
    "date": "2021-10-15",
    "image": "https://m.media-amazon.com/images/I/71j+RNr3NjL._AC_SR255,340_.jpg"
  },
  {
    "id": 222,
    "category": 3,
    "brand": "Primigi Kids",
    "product_name": "73833 (Toddler/Little Kid/Big Kid)",
    "quantity": 2,
    "price": "45.05",
    "cost": 27.03,
    "color": "Blue/White/Yellow",
    "date": "2021-10-03",
    "image": "https://m.media-amazon.com/images/I/81ma9gn8QDL._AC_SR255,340_.jpg"
  },
  {
    "id": 223,
    "category": 3,
    "brand": "Primigi Kids",
    "product_name": "74513 (Toddler/Little Kid/Big Kid)",
    "quantity": 29,
    "price": "41.80",
    "cost": 25.08,
    "color": "Navy/White/Green",
    "date": "2021-09-23",
    "image": "https://m.media-amazon.com/images/I/71Kt1Q2pBAS._AC_SR255,340_.jpg"
  },
  {
    "id": 224,
    "category": 3,
    "brand": "See Kai Run Kids",
    "product_name": "Gilman WP/IN (Toddler/Little Kid)",
    "quantity": 32,
    "price": "47.60",
    "cost": 28.56,
    "color": "Pink/Teal",
    "date": "2021-10-09",
    "image": "https://m.media-amazon.com/images/I/91yrVhsEavL._AC_SR255,340_.jpg"
  },
  {
    "id": 225,
    "category": 3,
    "brand": "See Kai Run Kids",
    "product_name": "Ryder HT (Toddler/Little Kid)",
    "quantity": 8,
    "price": "30.75",
    "cost": 18.45,
    "color": "Teal",
    "date": "2021-09-27",
    "image": "https://m.media-amazon.com/images/I/810y753W-qL._AC_SR255,340_.jpg"
  },
  {
    "id": 226,
    "category": 3,
    "brand": "See Kai Run Kids",
    "product_name": "Gilman WP/IN (Toddler/Little Kid/Big Kid)",
    "quantity": 22,
    "price": "61.00",
    "cost": 36.6,
    "color": "Gray",
    "date": "2021-09-21",
    "image": "https://m.media-amazon.com/images/I/81E1JSHT91L._AC_SR255,340_.jpg"
  },
  {
    "id": 227,
    "category": 3,
    "brand": "Primigi Kids",
    "product_name": "73992 (Toddler/Little Kid/Big Kid)",
    "quantity": 5,
    "price": "54.15",
    "cost": 32.49,
    "color": "Grey/Yellow",
    "date": "2021-10-06",
    "image": "https://m.media-amazon.com/images/I/71vT+6Zq4lS._AC_SR255,340_.jpg"
  },
  {
    "id": 228,
    "category": 3,
    "brand": "Primigi Kids",
    "product_name": "74474 (Toddler/Little Kid)",
    "quantity": 22,
    "price": "39.95",
    "cost": 23.97,
    "color": "Navy/White/Grey",
    "date": "2021-09-22",
    "image": "https://m.media-amazon.com/images/I/81u1n-AjI0L._AC_SR255,340_.jpg"
  },
  {
    "id": 229,
    "category": 3,
    "brand": "Primigi Kids",
    "product_name": "74607 (Toddler/Little Kid)",
    "quantity": 23,
    "price": "37.40",
    "cost": 22.44,
    "color": "Navy/Red",
    "date": "2021-10-16",
    "image": "https://m.media-amazon.com/images/I/71WGlKFclML._AC_SR255,340_.jpg"
  },
  {
    "id": 230,
    "category": 3,
    "brand": "Primigi Kids",
    "product_name": "74609 (Toddler/Little Kid)",
    "quantity": 43,
    "price": "36.55",
    "cost": 21.93,
    "color": "Black/Grey/Green",
    "date": "2021-10-14",
    "image": "https://m.media-amazon.com/images/I/71hZ8enM6OS._AC_SR255,340_.jpg"
  },
  {
    "id": 231,
    "category": 3,
    "brand": "Primigi Kids",
    "product_name": "64443 (Little Kid/Big Kid)",
    "quantity": 20,
    "price": "47.45",
    "cost": 28.47,
    "color": "Navy",
    "date": "2021-09-21",
    "image": "https://m.media-amazon.com/images/I/71DbcoECJDL._AC_SR255,340_.jpg"
  },
  {
    "id": 232,
    "category": 3,
    "brand": "Josmo Kids",
    "product_name": "Paw Patrol Snow Boot (Toddler/Little Kid)",
    "quantity": 48,
    "price": "27.00",
    "cost": 16.2,
    "color": "Purple 3",
    "date": "2021-09-30",
    "image": "https://m.media-amazon.com/images/I/818L-frgCOL._AC_SR255,340_.jpg"
  },
  {
    "id": 233,
    "category": 3,
    "brand": "Tsukihoshi Kids",
    "product_name": "Twinkle (Toddler/Little Kid)",
    "quantity": 41,
    "price": "37.40",
    "cost": 22.44,
    "color": "Silver/Navy",
    "date": "2021-10-16",
    "image": "https://m.media-amazon.com/images/I/81lAqqX0HLL._AC_SR255,340_.jpg"
  },
  {
    "id": 234,
    "category": 3,
    "brand": "Cienta Kids Shoes",
    "product_name": "51000 (Infant/Toddler/Little Kid/Big Kid)",
    "quantity": 16,
    "price": "28.05",
    "cost": 16.83,
    "color": "Yellow",
    "date": "2021-10-16",
    "image": "https://m.media-amazon.com/images/I/61mv6caLFMS._AC_SR255,340_.jpg"
  },
  {
    "id": 235,
    "category": 3,
    "brand": "Cienta Kids Shoes",
    "product_name": "51043 (Infant/Toddler/Little Kid/Big Kid)",
    "quantity": 35,
    "price": "28.05",
    "cost": 16.83,
    "color": "Pink Floral",
    "date": "2021-10-16",
    "image": "https://m.media-amazon.com/images/I/71S7L5bvMES._AC_SR255,340_.jpg"
  },
  {
    "id": 236,
    "category": 3,
    "brand": "Primigi Kids",
    "product_name": "64155 (Toddler/Little Kid)",
    "quantity": 13,
    "price": "42.00",
    "cost": 25.2,
    "color": "Chocolate Brown",
    "date": "2021-10-07",
    "image": "https://m.media-amazon.com/images/I/81P5YEnTTgL._AC_SR255,340_.jpg"
  },
  {
    "id": 237,
    "category": 3,
    "brand": "Primigi Kids",
    "product_name": "63608 (Toddler)",
    "quantity": 4,
    "price": "38.25",
    "cost": 22.95,
    "color": "Tan",
    "date": "2021-10-01",
    "image": "https://m.media-amazon.com/images/I/81e6jHmkHQL._AC_SR255,340_.jpg"
  },
  {
    "id": 238,
    "category": 3,
    "brand": "Primigi Kids",
    "product_name": "64155 (Toddler/Little Kid)",
    "quantity": 17,
    "price": "42.00",
    "cost": 25.2,
    "color": "Navy",
    "date": "2021-10-02",
    "image": "https://m.media-amazon.com/images/I/71F905ZCgAL._AC_SR255,340_.jpg"
  },
  {
    "id": 239,
    "category": 3,
    "brand": "Tsukihoshi Kids",
    "product_name": "Ibiza 2 (Toddler/Little Kid)",
    "quantity": 5,
    "price": "27.47",
    "cost": 16.48,
    "color": "Fuchsia/Mint",
    "date": "2021-09-19",
    "image": "https://m.media-amazon.com/images/I/81-oMVFca5L._AC_SR255,340_.jpg"
  },
  {
    "id": 240,
    "category": 3,
    "brand": "Primigi Kids",
    "product_name": "63578 (Toddler)",
    "quantity": 45,
    "price": "36.00",
    "cost": 21.6,
    "color": "Black/Grey",
    "date": "2021-10-08",
    "image": "https://m.media-amazon.com/images/I/81utllCTgYL._AC_SR255,340_.jpg"
  },
  {
    "id": 241,
    "category": 3,
    "brand": "Primigi Kids",
    "product_name": "73782 (Toddler/Little Kid)",
    "quantity": 12,
    "price": "50.35",
    "cost": 30.21,
    "color": "White/Silver",
    "date": "2021-09-24",
    "image": "https://m.media-amazon.com/images/I/61CrXffmWES._AC_SR255,340_.jpg"
  },
  {
    "id": 242,
    "category": 3,
    "brand": "Primigi Kids",
    "product_name": "73753 (Infant/Toddler)",
    "quantity": 35,
    "price": "39.10",
    "cost": 23.46,
    "color": "Pink/Multicolor",
    "date": "2021-09-23",
    "image": "https://m.media-amazon.com/images/I/71mDgM9o-mL._AC_SR255,340_.jpg"
  },
  {
    "id": 243,
    "category": 3,
    "brand": "Cienta Kids Shoes",
    "product_name": "76998 (Toddler/Little Kid/Big Kid)",
    "quantity": 39,
    "price": "28.05",
    "cost": 16.83,
    "color": "White",
    "date": "2021-10-08",
    "image": "https://m.media-amazon.com/images/I/71tQk-OqvhL._AC_SR255,340_.jpg"
  },
  {
    "id": 244,
    "category": 3,
    "brand": "Josmo Kids",
    "product_name": "Essential Walker Patent (Infant/Toddler)",
    "quantity": 11,
    "price": "26.35",
    "cost": 15.81,
    "color": "Beige Patent",
    "date": "2021-10-12",
    "image": "https://m.media-amazon.com/images/I/71McxIgcT+L._AC_SR255,340_.jpg"
  },
  {
    "id": 245,
    "category": 3,
    "brand": "Josmo Kids",
    "product_name": "T-Strap Buckle Shoe (Infant/Toddler)",
    "quantity": 36,
    "price": "25.90",
    "cost": 15.54,
    "color": "Burgundy",
    "date": "2021-09-21",
    "image": "https://m.media-amazon.com/images/I/713SQiqrvzL._AC_SR255,340_.jpg"
  },
  {
    "id": 246,
    "category": 3,
    "brand": "Primigi Kids",
    "product_name": "63626 (Toddler/Little Kid)",
    "quantity": 36,
    "price": "46.50",
    "cost": 27.9,
    "color": "Brown",
    "date": "2021-10-09",
    "image": "https://m.media-amazon.com/images/I/71qnxP5-5fL._AC_SR255,340_.jpg"
  },
  {
    "id": 247,
    "category": 3,
    "brand": "Primigi Kids",
    "product_name": "63796 (Toddler/Little Kid)",
    "quantity": 43,
    "price": "48.75",
    "cost": 29.25,
    "color": "Taupe",
    "date": "2021-09-27",
    "image": "https://m.media-amazon.com/images/I/81lzGDWFRBL._AC_SR255,340_.jpg"
  },
  {
    "id": 248,
    "category": 3,
    "brand": "Primigi Kids",
    "product_name": "63993 (Toddler/Little Kid/Big Kid)",
    "quantity": 40,
    "price": "51.75",
    "cost": 31.05,
    "color": "Black",
    "date": "2021-10-02",
    "image": "https://m.media-amazon.com/images/I/71ia9xwTHXL._AC_SR255,340_.jpg"
  },
  {
    "id": 249,
    "category": 3,
    "brand": "Josmo Kids",
    "product_name": "Essential Walker Patent (Infant/Toddler)",
    "quantity": 14,
    "price": "28.05",
    "cost": 16.83,
    "color": "Burgundy Patent",
    "date": "2021-10-12",
    "image": "https://m.media-amazon.com/images/I/811VgRUHLuL._AC_SR255,340_.jpg"
  },
  {
    "id": 250,
    "category": 3,
    "brand": "Josmo Kids",
    "product_name": "T-Strap Buckle Shoe (Infant/Toddler)",
    "quantity": 9,
    "price": "25.90",
    "cost": 15.54,
    "color": "White",
    "date": "2021-10-06",
    "image": "https://m.media-amazon.com/images/I/715+-ISPfEL._AC_SR255,340_.jpg"
  },
  {
    "id": 251,
    "category": 3,
    "brand": "Primigi Kids",
    "product_name": "74600 (Toddler/Little Kid/Big Kid)",
    "quantity": 16,
    "price": "42.75",
    "cost": 25.65,
    "color": "Navy/Grey/Orange",
    "date": "2021-09-21",
    "image": "https://m.media-amazon.com/images/I/81RWaGelOgL._AC_SR255,340_.jpg"
  },
  {
    "id": 252,
    "category": 3,
    "brand": "See Kai Run Kids",
    "product_name": "Anker (Toddler/Little Kid)",
    "quantity": 17,
    "price": "38.25",
    "cost": 22.95,
    "color": "Pink",
    "date": "2021-10-10",
    "image": "https://m.media-amazon.com/images/I/81xo+PKfk2L._AC_SR255,340_.jpg"
  },
  {
    "id": 253,
    "category": 3,
    "brand": "Primigi Kids",
    "product_name": "64408 (Little Kid/Big Kid)",
    "quantity": 8,
    "price": "50.25",
    "cost": 30.15,
    "color": "Black Leather",
    "date": "2021-09-21",
    "image": "https://m.media-amazon.com/images/I/71xkjycSADL._AC_SR255,340_.jpg"
  },
  {
    "id": 254,
    "category": 3,
    "brand": "Josmo Kids",
    "product_name": "Paw Patrol Slide Sandal (Toddler/Little Kid)",
    "quantity": 7,
    "price": "17.00",
    "cost": 10.2,
    "color": "Blue",
    "date": "2021-09-27",
    "image": "https://m.media-amazon.com/images/I/81SVCMGhCpL._AC_SR255,340_.jpg"
  },
  {
    "id": 255,
    "category": 3,
    "brand": "See Kai Run Kids",
    "product_name": "Tanner (Toddler/Little Kid)",
    "quantity": 19,
    "price": "33.25",
    "cost": 19.95,
    "color": "Navy/Tie-Dye",
    "date": "2021-10-14",
    "image": "https://m.media-amazon.com/images/I/814Pd2Aoy+L._AC_SR255,340_.jpg"
  },
  {
    "id": 256,
    "category": 3,
    "brand": "Primigi Kids",
    "product_name": "73914 (Toddler/Little Kid)",
    "quantity": 36,
    "price": "40.80",
    "cost": 24.48,
    "color": "Cobalt Blue/Silver",
    "date": "2021-10-12",
    "image": "https://m.media-amazon.com/images/I/81EcxlZOhWL._AC_SR255,340_.jpg"
  },
  {
    "id": 257,
    "category": 3,
    "brand": "Primigi Kids",
    "product_name": "73914 (Toddler/Little Kid)",
    "quantity": 36,
    "price": "41.65",
    "cost": 24.99,
    "color": "Bronze/Gold",
    "date": "2021-09-21",
    "image": "https://m.media-amazon.com/images/I/71twIa6ceZL._AC_SR255,340_.jpg"
  },
  {
    "id": 258,
    "category": 3,
    "brand": "Josmo Kids",
    "product_name": "Paw Patrol Adjustable Sandal (Toddler/Little Kid)",
    "quantity": 41,
    "price": "22.53",
    "cost": 13.52,
    "color": "Navy/Blue",
    "date": "2021-09-29",
    "image": "https://m.media-amazon.com/images/I/81ZlQxmixkL._AC_SR255,340_.jpg"
  },
  {
    "id": 259,
    "category": 3,
    "brand": "Primigi Kids",
    "product_name": "74604 (Toddler/Little Kid)",
    "quantity": 5,
    "price": "39.10",
    "cost": 23.46,
    "color": "Fuchsia/Orange",
    "date": "2021-09-30",
    "image": "https://m.media-amazon.com/images/I/71neIdemdBL._AC_SR255,340_.jpg"
  },
  {
    "id": 260,
    "category": 3,
    "brand": "See Kai Run Kids",
    "product_name": "Cruz II (Toddler/Little Kid)",
    "quantity": 24,
    "price": "27.00",
    "cost": 16.2,
    "color": "Navy/Penguins",
    "date": "2021-10-02",
    "image": "https://m.media-amazon.com/images/I/81TFW9+GloL._AC_SR255,340_.jpg"
  },
  {
    "id": 261,
    "category": 3,
    "brand": "Cienta Kids Shoes",
    "product_name": "58000 (Infant/Toddler/Little Kid/Big Kid)",
    "quantity": 9,
    "price": "33.25",
    "cost": 19.95,
    "color": "Gray",
    "date": "2021-10-05",
    "image": "https://m.media-amazon.com/images/I/715Y1Wg8FyS._AC_SR255,340_.jpg"
  },
  {
    "id": 262,
    "category": 3,
    "brand": "Cienta Kids Shoes",
    "product_name": "70777 (Toddler/Little Kid/Big Kid)",
    "quantity": 24,
    "price": "29.75",
    "cost": 17.85,
    "color": "Washed Mint",
    "date": "2021-10-09",
    "image": "https://m.media-amazon.com/images/I/81nh1lNc2qL._AC_SR255,340_.jpg"
  },
  {
    "id": 263,
    "category": 3,
    "brand": "Primigi Kids",
    "product_name": "74499 (Toddler/Little Kid)",
    "quantity": 1,
    "price": "32.30",
    "cost": 19.38,
    "color": "Navy/Black/Lime",
    "date": "2021-09-18",
    "image": "https://m.media-amazon.com/images/I/61TSpJBWR6S._AC_SR255,340_.jpg"
  },
  {
    "id": 264,
    "category": 3,
    "brand": "Primigi Kids",
    "product_name": "74500 (Toddler/Little Kid)",
    "quantity": 44,
    "price": "37.05",
    "cost": 22.23,
    "color": "Blue Multi",
    "date": "2021-10-13",
    "image": "https://m.media-amazon.com/images/I/81XRCGG-OeS._AC_SR255,340_.jpg"
  },
  {
    "id": 265,
    "category": 3,
    "brand": "Primigi Kids",
    "product_name": "74474 (Toddler/Little Kid)",
    "quantity": 28,
    "price": "40.80",
    "cost": 24.48,
    "color": "Grey/Royal Blue",
    "date": "2021-10-10",
    "image": "https://m.media-amazon.com/images/I/71GQdN6R23L._AC_SR255,340_.jpg"
  },
  {
    "id": 266,
    "category": 3,
    "brand": "Primigi Kids",
    "product_name": "74506 (Toddler/Little Kid)",
    "quantity": 20,
    "price": "43.70",
    "cost": 26.22,
    "color": "Navy/Red/White",
    "date": "2021-09-26",
    "image": "https://m.media-amazon.com/images/I/71PMFN0j5iS._AC_SR255,340_.jpg"
  },
  {
    "id": 267,
    "category": 3,
    "brand": "Primigi Kids",
    "product_name": "74505 (Toddler/Little Kid)",
    "quantity": 42,
    "price": "37.40",
    "cost": 22.44,
    "color": "Royal Blue/Multi",
    "date": "2021-09-30",
    "image": "https://m.media-amazon.com/images/I/71BYHpBZs7S._AC_SR255,340_.jpg"
  },
  {
    "id": 268,
    "category": 3,
    "brand": "Primigi Kids",
    "product_name": "74626 (Little Kid/Big Kid)",
    "quantity": 12,
    "price": "38.95",
    "cost": 23.37,
    "color": "Grey/Black/Red",
    "date": "2021-10-14",
    "image": "https://m.media-amazon.com/images/I/81RsqU3t4FS._AC_SR255,340_.jpg"
  },
  {
    "id": 269,
    "category": 3,
    "brand": "Bobux Kids",
    "product_name": "Step Up Summit (Infant/Toddler)",
    "quantity": 27,
    "price": "36.55",
    "cost": 21.93,
    "color": "Silver Metallic/Candy",
    "date": "2021-09-19",
    "image": "https://m.media-amazon.com/images/I/71HcAk-pffL._AC_SR255,340_.jpg"
  },
  {
    "id": 270,
    "category": 3,
    "brand": "Bobux Kids",
    "product_name": "Step Up Summit (Infant/Toddler)",
    "quantity": 32,
    "price": "41.80",
    "cost": 25.08,
    "color": "Guava/Mist",
    "date": "2021-09-28",
    "image": "https://m.media-amazon.com/images/I/716mJ6fhSaL._AC_SR255,340_.jpg"
  },
  {
    "id": 271,
    "category": 3,
    "brand": "Bobux Kids",
    "product_name": "I-Walk Mirror (Toddler)",
    "quantity": 31,
    "price": "41.65",
    "cost": 24.99,
    "color": "Navy 2",
    "date": "2021-09-27",
    "image": "https://m.media-amazon.com/images/I/81dmuQsSNJL._AC_SR255,340_.jpg"
  },
  {
    "id": 272,
    "category": 3,
    "brand": "Primigi Kids",
    "product_name": "63953 (Toddler/Little Kid/Big Kid)",
    "quantity": 43,
    "price": "44.67",
    "cost": 26.8,
    "color": "Black",
    "date": "2021-09-23",
    "image": "https://m.media-amazon.com/images/I/815CkkiPWUL._AC_SR255,340_.jpg"
  },
  {
    "id": 273,
    "category": 3,
    "brand": "Primigi Kids",
    "product_name": "64156 (Little Kid)",
    "quantity": 42,
    "price": "46.50",
    "cost": 27.9,
    "color": "Chocolate Brown",
    "date": "2021-09-20",
    "image": "https://m.media-amazon.com/images/I/81n8l4actxL._AC_SR255,340_.jpg"
  },
  {
    "id": 274,
    "category": 3,
    "brand": "Primigi Kids",
    "product_name": "64156 (Little Kid)",
    "quantity": 8,
    "price": "45.75",
    "cost": 27.45,
    "color": "Navy",
    "date": "2021-10-11",
    "image": "https://m.media-amazon.com/images/I/71QSfVxw3FL._AC_SR255,340_.jpg"
  },
  {
    "id": 275,
    "category": 3,
    "brand": "Primigi Kids",
    "product_name": "63609 (Toddler)",
    "quantity": 18,
    "price": "36.00",
    "cost": 21.6,
    "color": "Red",
    "date": "2021-10-04",
    "image": "https://m.media-amazon.com/images/I/81wdr4YDkBL._AC_SR255,340_.jpg"
  },
  {
    "id": 276,
    "category": 3,
    "brand": "Josmo Kids",
    "product_name": "Essential Walker (Infant/Toddler)",
    "quantity": 4,
    "price": "22.41",
    "cost": 13.45,
    "color": "Burgundy",
    "date": "2021-10-05",
    "image": "https://m.media-amazon.com/images/I/711yDxZoxfL._AC_SR255,340_.jpg"
  },
  {
    "id": 277,
    "category": 3,
    "brand": "See Kai Run Kids",
    "product_name": "Graham (Infant/Toddler)",
    "quantity": 34,
    "price": "39.00",
    "cost": 23.4,
    "color": "Brown",
    "date": "2021-09-22",
    "image": "https://m.media-amazon.com/images/I/81bt7I6ZW-L._AC_SR255,340_.jpg"
  },
  {
    "id": 278,
    "category": 3,
    "brand": "Tsukihoshi Kids",
    "product_name": "Rainbow (Little Kid/Big Kid)",
    "quantity": 19,
    "price": "40.80",
    "cost": 24.48,
    "color": "Silver/Navy",
    "date": "2021-10-13",
    "image": "https://m.media-amazon.com/images/I/71CVC05lr2L._AC_SR255,340_.jpg"
  },
  {
    "id": 279,
    "category": 3,
    "brand": "Bobux Kids",
    "product_name": "I-Walk Driftwood (Toddler)",
    "quantity": 14,
    "price": "42.50",
    "cost": 25.5,
    "color": "Caramel 1",
    "date": "2021-10-11",
    "image": "https://m.media-amazon.com/images/I/71Uqg3Njk4L._AC_SR255,340_.jpg"
  },
  {
    "id": 280,
    "category": 3,
    "brand": "Bobux Kids",
    "product_name": "I-Walk Driftwood (Toddler)",
    "quantity": 12,
    "price": "42.50",
    "cost": 25.5,
    "color": "Navy",
    "date": "2021-09-21",
    "image": "https://m.media-amazon.com/images/I/71u2QpKRQjL._AC_SR255,340_.jpg"
  },
  {
    "id": 281,
    "category": 3,
    "brand": "Bobux Kids",
    "product_name": "I-Walk Driftwood (Toddler)",
    "quantity": 32,
    "price": "37.50",
    "cost": 22.5,
    "color": "Slate",
    "date": "2021-09-29",
    "image": "https://m.media-amazon.com/images/I/711ZoeZVOtL._AC_SR255,340_.jpg"
  },
  {
    "id": 282,
    "category": 3,
    "brand": "Bobux Kids",
    "product_name": "Step Up Roam (Infant/Toddler)",
    "quantity": 18,
    "price": "44.65",
    "cost": 26.79,
    "color": "Navy 1",
    "date": "2021-10-07",
    "image": "https://m.media-amazon.com/images/I/71JgIWGtIXL._AC_SR255,340_.jpg"
  },
  {
    "id": 283,
    "category": 3,
    "brand": "Bobux Kids",
    "product_name": "Step Up Jump (Infant/Toddler)",
    "quantity": 0,
    "price": "38.25",
    "cost": 22.95,
    "color": "White",
    "date": "2021-09-25",
    "image": "https://m.media-amazon.com/images/I/71gnhgG-2NL._AC_SR255,340_.jpg"
  },
  {
    "id": 284,
    "category": 3,
    "brand": "Bobux Kids",
    "product_name": "Step Up Driftwood (Infant/Toddler)",
    "quantity": 13,
    "price": "34.00",
    "cost": 20.4,
    "color": "Slate",
    "date": "2021-09-25",
    "image": "https://m.media-amazon.com/images/I/71lctHS3zzL._AC_SR255,340_.jpg"
  },
  {
    "id": 285,
    "category": 3,
    "brand": "Bobux Kids",
    "product_name": "Step Up Driftwood (Infant/Toddler)",
    "quantity": 35,
    "price": "42.75",
    "cost": 25.65,
    "color": "Navy 1",
    "date": "2021-10-14",
    "image": "https://m.media-amazon.com/images/I/7118kprXZgL._AC_SR255,340_.jpg"
  },
  {
    "id": 286,
    "category": 3,
    "brand": "Bobux Kids",
    "product_name": "Step Up Zap (Infant/Toddler)",
    "quantity": 19,
    "price": "35.70",
    "cost": 21.42,
    "color": "Blueberry",
    "date": "2021-10-07",
    "image": "https://m.media-amazon.com/images/I/81AFsgMoxPL._AC_SR255,340_.jpg"
  },
  {
    "id": 287,
    "category": 3,
    "brand": "Bobux Kids",
    "product_name": "Step Up Jump Sandal (Infant/Toddler)",
    "quantity": 38,
    "price": "38.25",
    "cost": 22.95,
    "color": "Rose Gold",
    "date": "2021-09-30",
    "image": "https://m.media-amazon.com/images/I/71ES+gBHAOL._AC_SR255,340_.jpg"
  },
  {
    "id": 288,
    "category": 3,
    "brand": "Bobux Kids",
    "product_name": "Step Up Ryder (Infant/Toddler)",
    "quantity": 22,
    "price": "39.95",
    "cost": 23.97,
    "color": "Pink/Raspberry",
    "date": "2021-10-15",
    "image": "https://m.media-amazon.com/images/I/71k-JwRFjvL._AC_SR255,340_.jpg"
  },
  {
    "id": 289,
    "category": 3,
    "brand": "Bobux Kids",
    "product_name": "Step Up Jump Sandal (Infant/Toddler)",
    "quantity": 22,
    "price": "39.10",
    "cost": 23.46,
    "color": "Navy 1",
    "date": "2021-09-21",
    "image": "https://m.media-amazon.com/images/I/71IRmc3oVAL._AC_SR255,340_.jpg"
  },
  {
    "id": 290,
    "category": 3,
    "brand": "Bobux Kids",
    "product_name": "Roam (Toddler/Little Kid)",
    "quantity": 24,
    "price": "40.50",
    "cost": 24.3,
    "color": "Caramel 1",
    "date": "2021-10-13",
    "image": "https://m.media-amazon.com/images/I/71MG0ODJe4L._AC_SR255,340_.jpg"
  },
  {
    "id": 291,
    "category": 3,
    "brand": "Bobux Kids",
    "product_name": "Driftwood (Toddler/Little Kid)",
    "quantity": 39,
    "price": "40.50",
    "cost": 24.3,
    "color": "Navy 1",
    "date": "2021-10-01",
    "image": "https://m.media-amazon.com/images/I/71D0zuq7HfL._AC_SR255,340_.jpg"
  },
  {
    "id": 292,
    "category": 3,
    "brand": "Bobux Kids",
    "product_name": "Driftwood (Toddler/Little Kid)",
    "quantity": 41,
    "price": "47.60",
    "cost": 28.56,
    "color": "Caramel 1",
    "date": "2021-10-15",
    "image": "https://m.media-amazon.com/images/I/71+mevFgS7L._AC_SR255,340_.jpg"
  },
  {
    "id": 293,
    "category": 3,
    "brand": "Bobux Kids",
    "product_name": "Driftwood (Toddler/Little Kid)",
    "quantity": 10,
    "price": "45.05",
    "cost": 27.03,
    "color": "Slate",
    "date": "2021-10-04",
    "image": "https://m.media-amazon.com/images/I/71BCoQ92qBL._AC_SR255,340_.jpg"
  },
  {
    "id": 294,
    "category": 3,
    "brand": "See Kai Run Kids",
    "product_name": "Saylor (Toddler/Little Kid)",
    "quantity": 38,
    "price": "34.20",
    "cost": 20.52,
    "color": "Pink/Sprinkles",
    "date": "2021-10-10",
    "image": "https://m.media-amazon.com/images/I/81anR+gyf9L._AC_SR255,340_.jpg"
  },
  {
    "id": 295,
    "category": 3,
    "brand": "See Kai Run Kids",
    "product_name": "Saylor (Toddler/Little Kid)",
    "quantity": 19,
    "price": "31.45",
    "cost": 18.87,
    "color": "Navy/Blue",
    "date": "2021-09-17",
    "image": "https://m.media-amazon.com/images/I/81d1OXDi3eL._AC_SR255,340_.jpg"
  },
  {
    "id": 296,
    "category": 3,
    "brand": "Primigi Kids",
    "product_name": "53853 (Toddler/Little Kid/Big Kid)",
    "quantity": 38,
    "price": "26.95",
    "cost": 16.17,
    "color": "Silver",
    "date": "2021-09-26",
    "image": "https://m.media-amazon.com/images/I/71z03SAdQrL._AC_SR255,340_.jpg"
  },
  {
    "id": 297,
    "category": 3,
    "brand": "Primigi Kids",
    "product_name": "54350 (Little Kid/Big Kid)",
    "quantity": 6,
    "price": "29.15",
    "cost": 17.49,
    "color": "Silver",
    "date": "2021-10-10",
    "image": "https://m.media-amazon.com/images/I/71vidzwD7bL._AC_SR255,340_.jpg"
  },
  {
    "id": 298,
    "category": 3,
    "brand": "Primigi Kids",
    "product_name": "54296 (Toddler/Little Kid)",
    "quantity": 48,
    "price": "32.45",
    "cost": 19.47,
    "color": "Rose Gold/Orange",
    "date": "2021-09-30",
    "image": "https://m.media-amazon.com/images/I/71N+LUDCfcL._AC_SR255,340_.jpg"
  },
  {
    "id": 299,
    "category": 3,
    "brand": "Cienta Kids Shoes",
    "product_name": "78777 (Toddler/Little Kid/Big Kid)",
    "quantity": 37,
    "price": "30.60",
    "cost": 18.36,
    "color": "Light Grey",
    "date": "2021-10-11",
    "image": "https://m.media-amazon.com/images/I/81vF-7VoxiL._AC_SR255,340_.jpg"
  }
]