[
  {
    "id": 0,
    "company": "Carey-Gibson",
    "name": "Jenny",
    "surname": "Marshall",
    "address": "38722 Katrina Parks\nRyanfurt, WY 25337",
    "city": "Lake Antonio",
    "phone": "0058698100601"
  },
  {
    "id": 1,
    "company": "Chapman-Johnson",
    "name": "Frederick",
    "surname": "Yang",
    "address": "583 Brad Greens Suite 568\nBarbaraberg, WA 88663",
    "city": "Lake Jocelynmouth",
    "phone": "5413585008536"
  },
  {
    "id": 2,
    "company": "Hunt, Moreno and Frank",
    "name": "Benjamin",
    "surname": "Hernandez",
    "address": "5940 Stevens Extensions Apt. 822\nSouth Joshuaborough, OH 27210",
    "city": "Orozcoland",
    "phone": "6622343263123"
  },
  {
    "id": 3,
    "company": "Page Group",
    "name": "Mary",
    "surname": "Henderson",
    "address": "Unit 5250 Box 7972\nDPO AP 90155",
    "city": "Angelafurt",
    "phone": "7664280441673"
  },
  {
    "id": 4,
    "company": "Perez-Randolph",
    "name": "Amy",
    "surname": "Smith",
    "address": "57244 Soto Manor Apt. 096\nWest David, WI 26111",
    "city": "East Manuel",
    "phone": "4735415013854"
  },
  {
    "id": 5,
    "company": "Callahan, Strong and Miller",
    "name": "Jared",
    "surname": "Jenkins",
    "address": "Unit 1929 Box 2254\nDPO AP 91664",
    "city": "East Justin",
    "phone": "5035903323265"
  },
  {
    "id": 6,
    "company": "Cooper, Torres and Duncan",
    "name": "John",
    "surname": "Mccarty",
    "address": "909 Deborah Stream\nStevenside, WV 82006",
    "city": "Walkerhaven",
    "phone": "6385138821054"
  },
  {
    "id": 7,
    "company": "Villanueva, Walker and Hahn",
    "name": "Bryan",
    "surname": "Richardson",
    "address": "6923 Jones Hill Suite 835\nMackenzieshire, ND 05271",
    "city": "South Margaretmouth",
    "phone": "2677861129295"
  },
  {
    "id": 8,
    "company": "Flores, Wise and Hayes",
    "name": "Carl",
    "surname": "Gonzales",
    "address": "01837 Rogers Center Suite 602\nCamachobury, KS 56041",
    "city": "New Alexanderport",
    "phone": "6446306684544"
  },
  {
    "id": 9,
    "company": "Wilson-Odom",
    "name": "Susan",
    "surname": "Warner",
    "address": "39737 Courtney Ferry\nNew Joseph, TX 90122",
    "city": "Port Aimee",
    "phone": "4001508721444"
  },
  {
    "id": 10,
    "company": "Morgan LLC",
    "name": "Jason",
    "surname": "Burns",
    "address": "1660 Ferguson Freeway\nTaylorville, NJ 78361",
    "city": "West Kimberly",
    "phone": "5431717472846"
  },
  {
    "id": 11,
    "company": "Maldonado-Morales",
    "name": "Daniel",
    "surname": "Lopez",
    "address": "USNS Hernandez\nFPO AP 77235",
    "city": "Bergstad",
    "phone": "1136799431439"
  },
  {
    "id": 12,
    "company": "Graham and Sons",
    "name": "Kimberly",
    "surname": "Andrews",
    "address": "6763 Jeremy Prairie Suite 645\nNew Monica, CT 83022",
    "city": "Elizabethmouth",
    "phone": "2046251905800"
  },
  {
    "id": 13,
    "company": "Ball Inc",
    "name": "Jackson",
    "surname": "Dunlap",
    "address": "0408 Adam Loaf Apt. 696\nWalterfurt, KY 79426",
    "city": "South Melissa",
    "phone": "4934923895883"
  },
  {
    "id": 14,
    "company": "Anderson Inc",
    "name": "John",
    "surname": "Deleon",
    "address": "2756 Kim Dale Apt. 853\nNorth Maria, UT 90232",
    "city": "Murphyville",
    "phone": "4285047726303"
  },
  {
    "id": 15,
    "company": "Arnold-Santos",
    "name": "Julie",
    "surname": "Martin",
    "address": "0308 Keith Divide\nPamelamouth, CA 99836",
    "city": "Jimenezville",
    "phone": "0972082824614"
  },
  {
    "id": 16,
    "company": "Medina-Raymond",
    "name": "Jennifer",
    "surname": "Bennett",
    "address": "346 Steven Lane Suite 952\nNorth Jonathan, MA 35213",
    "city": "Soniahaven",
    "phone": "0665534533719"
  },
  {
    "id": 17,
    "company": "Miller-Sanchez",
    "name": "Veronica",
    "surname": "Stevenson",
    "address": "PSC 3684, Box 9075\nAPO AE 11984",
    "city": "Kennethborough",
    "phone": "4085540861817"
  },
  {
    "id": 18,
    "company": "Vincent Inc",
    "name": "Scott",
    "surname": "Lee",
    "address": "87176 Blackwell Field Suite 233\nSherrymouth, NH 98815",
    "city": "Christopherburgh",
    "phone": "2587827534984"
  },
  {
    "id": 19,
    "company": "Craig Group",
    "name": "Holly",
    "surname": "Cook",
    "address": "76471 Vicki Pike\nLake Brendafort, ID 56347",
    "city": "North Johnstad",
    "phone": "8859543047179"
  }
]