[
  {
    "id": 0,
    "name": "Jason",
    "surname": "Ford",
    "address": "11876 David Lakes\nMoraleston, MD 59672",
    "city": "North Toddfort",
    "phone": "2580856843867",
    "email": "rsvDojzFd@gmail.com",
    "password": "CnTYrtieHokq"
  },
  {
    "id": 1,
    "name": "Brandon",
    "surname": "Spencer",
    "address": "89511 Miller Alley Apt. 856\nNew Micheleshire, CO 35846",
    "city": "North Bettystad",
    "phone": "4338962403887",
    "email": "IGrMgBkYf@gmail.com",
    "password": "mPGxwoiqBDZl"
  },
  {
    "id": 2,
    "name": "Bob",
    "surname": "Walton",
    "address": "USNS Evans\nFPO AE 85389",
    "city": "South Katherinechester",
    "phone": "3608217866284",
    "email": "yOthMtJRu@gmail.com",
    "password": "EJRhmEoRNRer"
  },
  {
    "id": 3,
    "name": "Seth",
    "surname": "Phillips",
    "address": "6651 Baker Mountains\nSouth Patriciatown, NV 33972",
    "city": "Newmanstad",
    "phone": "8742595237371",
    "email": "GddeyHFuS@gmail.com",
    "password": "GAFCakbGtMDP"
  },
  {
    "id": 4,
    "name": "Margaret",
    "surname": "Pierce",
    "address": "8741 Jesus Highway\nEast Joeville, MS 70586",
    "city": "North Ashleyfurt",
    "phone": "0120081118657",
    "email": "nUwjyPupw@gmail.com",
    "password": "VnMOahWxonjA"
  },
  {
    "id": 5,
    "name": "Janet",
    "surname": "Singh",
    "address": "22570 Terry Tunnel\nKennethstad, TX 62528",
    "city": "Jessicafurt",
    "phone": "6369738113090",
    "email": "gszrupkry@gmail.com",
    "password": "tiXnUqOnBJlG"
  },
  {
    "id": 6,
    "name": "Peter",
    "surname": "Benjamin",
    "address": "15938 Johnson Wells Suite 033\nEast Danielmouth, MD 63362",
    "city": "Geraldburgh",
    "phone": "3746277269939",
    "email": "DCVmwPRCS@gmail.com",
    "password": "lcsPOlXdpBCU"
  },
  {
    "id": 7,
    "name": "Shawn",
    "surname": "Smith",
    "address": "0080 Dixon Forks Apt. 801\nMichellechester, TX 60419",
    "city": "Brockbury",
    "phone": "3261464941247",
    "email": "RcgWSjhnG@gmail.com",
    "password": "dBCReoaMxMDB"
  },
  {
    "id": 8,
    "name": "Willie",
    "surname": "Ward",
    "address": "35559 Young Street Apt. 749\nKyleton, OR 84686",
    "city": "Floresberg",
    "phone": "9654760793241",
    "email": "DBFLEYUIC@gmail.com",
    "password": "NunrOhERIdib"
  },
  {
    "id": 9,
    "name": "Carla",
    "surname": "Bryant",
    "address": "827 Jackson Dam Suite 673\nAndrewburgh, CA 09730",
    "city": "Richardstown",
    "phone": "8548990032515",
    "email": "IvFhvRvaT@gmail.com",
    "password": "bqzteImcqpJt"
  },
  {
    "id": 10,
    "name": "Robert",
    "surname": "Watson",
    "address": "357 Brooks Tunnel Suite 782\nEast James, CO 59988",
    "city": "Wheelerbury",
    "phone": "2027528664474",
    "email": "raDhfXwrS@gmail.com",
    "password": "eBtdykyUFiqN"
  },
  {
    "id": 11,
    "name": "David",
    "surname": "Morris",
    "address": "PSC 1070, Box 5399\nAPO AP 74589",
    "city": "Whiteview",
    "phone": "9048757892151",
    "email": "HRQnHFgMg@gmail.com",
    "password": "PwdOqnqLTxHo"
  },
  {
    "id": 12,
    "name": "Michael",
    "surname": "Rush",
    "address": "9667 Casey Skyway\nBrendahaven, MD 08183",
    "city": "West Randyhaven",
    "phone": "4157167866970",
    "email": "CISYpWXcm@gmail.com",
    "password": "IxaAWqTVGybn"
  },
  {
    "id": 13,
    "name": "Suzanne",
    "surname": "Villa",
    "address": "67411 Amy Isle Apt. 255\nLake Toni, VT 61865",
    "city": "South Danaview",
    "phone": "9078558956680",
    "email": "ByRQJRTfR@gmail.com",
    "password": "mayrEnaQQsIN"
  },
  {
    "id": 14,
    "name": "James",
    "surname": "Martin",
    "address": "296 Daniel Wells\nNew Jenniferbury, MI 67732",
    "city": "Heidifort",
    "phone": "4205371197045",
    "email": "iJHSDZqhW@gmail.com",
    "password": "IqeoqyOFliTp"
  },
  {
    "id": 15,
    "name": "Richard",
    "surname": "Barron",
    "address": "7904 Webb Drives\nNew Samanthaville, AZ 45082",
    "city": "East Zachary",
    "phone": "0650815064495",
    "email": "lbQyRHQLE@gmail.com",
    "password": "wnYKxbtIrRJL"
  },
  {
    "id": 16,
    "name": "Steven",
    "surname": "Williamson",
    "address": "2205 Marie Ferry Suite 024\nMichaelborough, WY 64774",
    "city": "Port Juliaside",
    "phone": "1422368754760",
    "email": "BcpoLXyih@gmail.com",
    "password": "lxRByMQPPtxq"
  },
  {
    "id": 17,
    "name": "Maria",
    "surname": "Pitts",
    "address": "7039 Rogers Court\nPort David, RI 86172",
    "city": "Timothyberg",
    "phone": "5152634132466",
    "email": "PzDLFToAv@gmail.com",
    "password": "bAAltyKRpyhx"
  },
  {
    "id": 18,
    "name": "Danny",
    "surname": "Scott",
    "address": "44958 Katherine Points\nReyesmouth, VT 20551",
    "city": "West Danielleton",
    "phone": "9035426966379",
    "email": "VEqXeKpWW@gmail.com",
    "password": "SeAHOGiPwJjp"
  },
  {
    "id": 19,
    "name": "Benjamin",
    "surname": "Pittman",
    "address": "270 Janice Pass\nJeffreyborough, LA 25307",
    "city": "Port Jeffrey",
    "phone": "9845257142413",
    "email": "YTUuIGbYZ@gmail.com",
    "password": "kvcWuNZbrhba"
  },
  {
    "id": 20,
    "name": "Kimberly",
    "surname": "Hayes",
    "address": "988 Samuel Light Suite 426\nTrevorfort, NC 27095",
    "city": "Mcbrideland",
    "phone": "6778087709355",
    "email": "YRJYlrLeO@gmail.com",
    "password": "nKzmrCVRubUZ"
  },
  {
    "id": 21,
    "name": "George",
    "surname": "Allen",
    "address": "95455 Schmidt Crest\nLake Michelleberg, VT 72876",
    "city": "West Lesliefurt",
    "phone": "2605713925981",
    "email": "zdWxPMlbR@gmail.com",
    "password": "fOYfjeGsDAkS"
  },
  {
    "id": 22,
    "name": "Dalton",
    "surname": "Lucas",
    "address": "PSC 9716, Box 3008\nAPO AP 92717",
    "city": "Reyesborough",
    "phone": "6938807500127",
    "email": "TdXRvpIdz@gmail.com",
    "password": "ZnVBidATAVMw"
  },
  {
    "id": 23,
    "name": "Andrew",
    "surname": "Jones",
    "address": "PSC 1472, Box 9328\nAPO AA 23593",
    "city": "North Randyhaven",
    "phone": "4677588816526",
    "email": "bXRQgJNZf@gmail.com",
    "password": "dNvRwAbNZXfL"
  },
  {
    "id": 24,
    "name": "Kelli",
    "surname": "Marks",
    "address": "7941 Regina Mission Apt. 458\nSouth Andrewhaven, UT 97479",
    "city": "South Mindymouth",
    "phone": "5697224828606",
    "email": "vSauZjraZ@gmail.com",
    "password": "DftpHGfJZezY"
  },
  {
    "id": 25,
    "name": "Andrew",
    "surname": "Johnson",
    "address": "02735 Shannon Street\nWilliamton, OH 78124",
    "city": "Christopherland",
    "phone": "7136136387833",
    "email": "tLymmKNgF@gmail.com",
    "password": "czBYZRnxRHdZ"
  },
  {
    "id": 26,
    "name": "Jacqueline",
    "surname": "Thompson",
    "address": "864 Kevin Stravenue Apt. 136\nSouth Amber, WV 94112",
    "city": "Timothyfurt",
    "phone": "3230387575611",
    "email": "ukLfPbgGF@gmail.com",
    "password": "WOIqltEnHBoc"
  },
  {
    "id": 27,
    "name": "Lawrence",
    "surname": "Berg",
    "address": "706 Sloan Viaduct\nWillieborough, NE 14657",
    "city": "Jeremyberg",
    "phone": "3402589730517",
    "email": "KvRtDsHXz@gmail.com",
    "password": "KJYNxBVyjrZz"
  },
  {
    "id": 28,
    "name": "Jodi",
    "surname": "Harmon",
    "address": "6204 Ware Street Suite 923\nDaughertyfort, IL 36015",
    "city": "Christinabury",
    "phone": "5976039329629",
    "email": "yLyzPcenP@gmail.com",
    "password": "crdhTpRWxHWs"
  },
  {
    "id": 29,
    "name": "Jennifer",
    "surname": "Gould",
    "address": "6518 Danielle Via Suite 405\nNew Amymouth, CA 79128",
    "city": "Port Amandaville",
    "phone": "6576636446848",
    "email": "acJJhIvxW@gmail.com",
    "password": "gQJpFXKEPSRi"
  },
  {
    "id": 30,
    "name": "Amber",
    "surname": "Higgins",
    "address": "06798 Mendez Manors Suite 815\nNorth Karen, FL 09958",
    "city": "Bradfurt",
    "phone": "5368345450937",
    "email": "HyrBNCeGx@gmail.com",
    "password": "viYliBqoAhyU"
  },
  {
    "id": 31,
    "name": "Angela",
    "surname": "Fuller",
    "address": "1612 Brittany Forks Suite 199\nReeseport, DC 56083",
    "city": "New Alicia",
    "phone": "6035054562703",
    "email": "kmZgCcYCJ@gmail.com",
    "password": "mfSyODUHOiyI"
  },
  {
    "id": 32,
    "name": "Ryan",
    "surname": "Garrison",
    "address": "9238 Melissa Junctions Suite 405\nNew Victoria, OK 64888",
    "city": "Webermouth",
    "phone": "6367291226436",
    "email": "COQWGWpOh@gmail.com",
    "password": "hBikYHryLDCU"
  },
  {
    "id": 33,
    "name": "William",
    "surname": "Beasley",
    "address": "79485 James Loaf\nMendozafort, AR 57742",
    "city": "Brianshire",
    "phone": "2911442953327",
    "email": "NJXMuzphE@gmail.com",
    "password": "ekaDhVlFmvov"
  },
  {
    "id": 34,
    "name": "Michael",
    "surname": "Jones",
    "address": "7506 Rivas Walks\nPort Cassandra, FL 50876",
    "city": "Melissaville",
    "phone": "4771221245844",
    "email": "XcGNOSQxm@gmail.com",
    "password": "dShnpxUJchEz"
  },
  {
    "id": 35,
    "name": "Abigail",
    "surname": "Decker",
    "address": "885 Kelley Manor Suite 932\nPort Sherrimouth, SC 55152",
    "city": "Ericberg",
    "phone": "1983996127877",
    "email": "cDdDvWGAj@gmail.com",
    "password": "oQPpJnjSKMYy"
  },
  {
    "id": 36,
    "name": "Raymond",
    "surname": "Hernandez",
    "address": "447 Michael Prairie\nMichaelburgh, WA 37951",
    "city": "Greenside",
    "phone": "4526061420898",
    "email": "WOcSUCocP@gmail.com",
    "password": "CrVtkezzZkUu"
  },
  {
    "id": 37,
    "name": "James",
    "surname": "Decker",
    "address": "Unit 9451 Box 7790\nDPO AP 47748",
    "city": "Port Charlesville",
    "phone": "7365160080874",
    "email": "gidhyugZQ@gmail.com",
    "password": "ALpJwBSlOFCH"
  },
  {
    "id": 38,
    "name": "Danny",
    "surname": "Nolan",
    "address": "396 Robertson Cliffs\nPort Amanda, LA 56178",
    "city": "Powellport",
    "phone": "7993469725479",
    "email": "CnKYlBZVO@gmail.com",
    "password": "VHcSdOzEXRhP"
  },
  {
    "id": 39,
    "name": "James",
    "surname": "Gomez",
    "address": "USS Garza\nFPO AP 71623",
    "city": "North Nicholas",
    "phone": "0299199648324",
    "email": "vjZeorNgO@gmail.com",
    "password": "NtKUmPSMhVgZ"
  },
  {
    "id": 40,
    "name": "Philip",
    "surname": "Parks",
    "address": "68210 Sweeney Plaza Apt. 621\nHaleton, KY 65564",
    "city": "North Robertmouth",
    "phone": "0110465716923",
    "email": "YHQbEnImt@gmail.com",
    "password": "eSAgxlVWDOuF"
  },
  {
    "id": 41,
    "name": "Aaron",
    "surname": "Robinson",
    "address": "1035 Hailey Overpass\nChristensenland, IN 71223",
    "city": "West Carlosview",
    "phone": "8665452672807",
    "email": "KbkJgtLUr@gmail.com",
    "password": "oqDAggQrpoJV"
  },
  {
    "id": 42,
    "name": "Thomas",
    "surname": "Sims",
    "address": "45589 Barbara Pines Apt. 073\nNew Renee, PA 61015",
    "city": "Rogersburgh",
    "phone": "0888266433157",
    "email": "iKTSUcPkY@gmail.com",
    "password": "HOxPZGxNyuzf"
  },
  {
    "id": 43,
    "name": "John",
    "surname": "Harris",
    "address": "157 Debbie Forks Suite 223\nSouth Melissaland, MT 46809",
    "city": "East Timothy",
    "phone": "5256804504882",
    "email": "WEaTlyuiK@gmail.com",
    "password": "hIUbrahJTLfV"
  },
  {
    "id": 44,
    "name": "Stephanie",
    "surname": "Perkins",
    "address": "32115 Kayla Forest\nEast Christopher, ND 77048",
    "city": "Robertabury",
    "phone": "5426900813913",
    "email": "PGHIMMVkm@gmail.com",
    "password": "uXVLEECxXcrB"
  },
  {
    "id": 45,
    "name": "Ellen",
    "surname": "Orozco",
    "address": "87724 Alan Square\nSouth Sarahton, ME 91130",
    "city": "Savannahport",
    "phone": "4590138965288",
    "email": "NraTYAcYh@gmail.com",
    "password": "zofguKlTeDSu"
  },
  {
    "id": 46,
    "name": "Steven",
    "surname": "Mcneil",
    "address": "48397 Brandon Port\nPort Jessicaport, HI 77176",
    "city": "Wallsshire",
    "phone": "9343984621479",
    "email": "OiRmlKrru@gmail.com",
    "password": "kkJXakNsLIms"
  },
  {
    "id": 47,
    "name": "Kendra",
    "surname": "Nicholson",
    "address": "393 Kimberly Stravenue Suite 656\nNorth Zoemouth, AK 50079",
    "city": "Justinbury",
    "phone": "9599802306940",
    "email": "GRKNyzwHk@gmail.com",
    "password": "kscCxvtmVXRE"
  },
  {
    "id": 48,
    "name": "Jack",
    "surname": "Espinoza",
    "address": "8012 Andrew Pass Suite 414\nNew Paulmouth, TX 54467",
    "city": "Whiteside",
    "phone": "9435068619059",
    "email": "MRfEJDlCM@gmail.com",
    "password": "pkLsDjsploPM"
  },
  {
    "id": 49,
    "name": "Maureen",
    "surname": "Kaiser",
    "address": "5720 Martinez Lodge\nSouth Jennifer, VA 73070",
    "city": "Thomaschester",
    "phone": "4333791008609",
    "email": "MpJKbTpkt@gmail.com",
    "password": "SHeRHIYlfeen"
  },
  {
    "id": 50,
    "name": "Sarah",
    "surname": "Walker",
    "address": "8387 Castaneda Extensions Suite 264\nEast Matthew, WY 91230",
    "city": "West David",
    "phone": "0666401244640",
    "email": "ZHappzajH@gmail.com",
    "password": "jaMigtPJCpQD"
  },
  {
    "id": 51,
    "name": "David",
    "surname": "Holt",
    "address": "6721 Nelson Mill\nJenniferchester, NH 19693",
    "city": "North Joshua",
    "phone": "8694787863158",
    "email": "XeLBHAxhe@gmail.com",
    "password": "UrWksgZQDigo"
  },
  {
    "id": 52,
    "name": "Melissa",
    "surname": "Everett",
    "address": "Unit 4734 Box 3077\nDPO AP 35009",
    "city": "Savagemouth",
    "phone": "8430345034624",
    "email": "OUVFNNJUP@gmail.com",
    "password": "vpWiXLbdECtQ"
  },
  {
    "id": 53,
    "name": "Richard",
    "surname": "Moreno",
    "address": "47906 Hoffman Summit\nPerezmouth, AK 04739",
    "city": "Stewartborough",
    "phone": "3027572633440",
    "email": "IdexXYAPB@gmail.com",
    "password": "wyXXIlnjmATY"
  },
  {
    "id": 54,
    "name": "Susan",
    "surname": "Allen",
    "address": "PSC 1388, Box 4112\nAPO AE 82244",
    "city": "West Angela",
    "phone": "9348592864852",
    "email": "pCOltrdBF@gmail.com",
    "password": "fSXvjqbhtcYJ"
  },
  {
    "id": 55,
    "name": "Melanie",
    "surname": "Walter",
    "address": "474 Pierce Curve\nPort Michaelmouth, MD 11097",
    "city": "Cardenaston",
    "phone": "5267985803762",
    "email": "LjaJgPvHV@gmail.com",
    "password": "TbnxSILnumZS"
  },
  {
    "id": 56,
    "name": "Kyle",
    "surname": "Daniels",
    "address": "71625 Ryan Mission Suite 641\nLake Melissaview, SD 74366",
    "city": "Novakfort",
    "phone": "8398797622993",
    "email": "eBgOyUqOa@gmail.com",
    "password": "CCePrReJqcrQ"
  },
  {
    "id": 57,
    "name": "Michael",
    "surname": "Allen",
    "address": "94814 Robert Burgs Apt. 130\nNorth Jonathan, IA 61523",
    "city": "Torresstad",
    "phone": "9058976129651",
    "email": "cRUCSOYYm@gmail.com",
    "password": "nOTmRXjcVkMM"
  },
  {
    "id": 58,
    "name": "Sergio",
    "surname": "Brown",
    "address": "Unit 4889 Box 9990\nDPO AE 08046",
    "city": "Sharonville",
    "phone": "9441112385835",
    "email": "FdmcSllwx@gmail.com",
    "password": "MSqiGvIHQbjX"
  },
  {
    "id": 59,
    "name": "Kevin",
    "surname": "Torres",
    "address": "918 Bowman Stream Apt. 552\nLesterview, DE 15339",
    "city": "South Patriciashire",
    "phone": "2705920294915",
    "email": "FRoABsFMe@gmail.com",
    "password": "MxeMyXIBKouR"
  },
  {
    "id": 60,
    "name": "Wendy",
    "surname": "Smith",
    "address": "3811 Shields Meadows Apt. 529\nMasseychester, VA 87729",
    "city": "New Josephfurt",
    "phone": "1208952180762",
    "email": "LbovGYXfJ@gmail.com",
    "password": "hMPRncZudBhr"
  },
  {
    "id": 61,
    "name": "Amanda",
    "surname": "Jackson",
    "address": "USCGC Thompson\nFPO AP 17200",
    "city": "Lake John",
    "phone": "0473941641931",
    "email": "zKeXvIEzN@gmail.com",
    "password": "VSkHgvBbdixk"
  },
  {
    "id": 62,
    "name": "Ashley",
    "surname": "Marsh",
    "address": "USS Taylor\nFPO AE 48998",
    "city": "North Edward",
    "phone": "6149932448093",
    "email": "nGWutORcn@gmail.com",
    "password": "GfhBfKziizIz"
  },
  {
    "id": 63,
    "name": "Robert",
    "surname": "Davis",
    "address": "252 Tristan Creek Suite 511\nPort Stevenland, MO 12376",
    "city": "Lake Amandastad",
    "phone": "2574501289665",
    "email": "AfamzTRrF@gmail.com",
    "password": "BTochOzpFoaO"
  },
  {
    "id": 64,
    "name": "Jessica",
    "surname": "Schultz",
    "address": "6921 Alvarado Shoal Apt. 341\nSouth Bradley, UT 84451",
    "city": "East Caitlinport",
    "phone": "9490842370248",
    "email": "MpxThoyJM@gmail.com",
    "password": "iltilGUKuhuE"
  },
  {
    "id": 65,
    "name": "William",
    "surname": "King",
    "address": "481 Vanessa Square Suite 512\nMeganberg, NH 53701",
    "city": "South Danielview",
    "phone": "6775925518149",
    "email": "JaxFuHFfT@gmail.com",
    "password": "BVLDhCAnRJsH"
  },
  {
    "id": 66,
    "name": "Veronica",
    "surname": "Fernandez",
    "address": "226 Lee Hollow\nGonzalezfurt, IL 29234",
    "city": "North Marieton",
    "phone": "2195557695599",
    "email": "ANJghilVG@gmail.com",
    "password": "VRbawKHEBIoE"
  },
  {
    "id": 67,
    "name": "Kelsey",
    "surname": "Davidson",
    "address": "PSC 4349, Box 3626\nAPO AA 96977",
    "city": "Lake Tammyton",
    "phone": "7775619430249",
    "email": "RXuDDTclG@gmail.com",
    "password": "YMsIiqsWwYCX"
  },
  {
    "id": 68,
    "name": "Sara",
    "surname": "Hernandez",
    "address": "582 Alexander Road\nKathrynside, ME 40482",
    "city": "West Maryside",
    "phone": "4490225600327",
    "email": "AwpImmvnW@gmail.com",
    "password": "gRkRjNpQiWBW"
  },
  {
    "id": 69,
    "name": "Sherry",
    "surname": "Smith",
    "address": "965 Brian Vista\nKellyfurt, GA 96042",
    "city": "Ortizside",
    "phone": "1761404205592",
    "email": "OkipOeyab@gmail.com",
    "password": "DnFsydeEZqqi"
  },
  {
    "id": 70,
    "name": "James",
    "surname": "Ball",
    "address": "201 Kristen Islands Apt. 630\nSouth Robert, MA 59709",
    "city": "Reevesborough",
    "phone": "3525592782241",
    "email": "qlcixfKwS@gmail.com",
    "password": "vpNYlCHRpCcL"
  },
  {
    "id": 71,
    "name": "Ricardo",
    "surname": "Myers",
    "address": "78054 Hicks Mission\nJohnsonbury, MT 54429",
    "city": "North Lorraine",
    "phone": "4433765028417",
    "email": "RgyihKbbF@gmail.com",
    "password": "BVASoTMORyJs"
  },
  {
    "id": 72,
    "name": "Sandra",
    "surname": "Roth",
    "address": "USCGC Gonzales\nFPO AE 97414",
    "city": "Port Gloria",
    "phone": "6282405548579",
    "email": "zyquRCDWU@gmail.com",
    "password": "FEEvUzlEwkCL"
  },
  {
    "id": 73,
    "name": "Kimberly",
    "surname": "Sanchez",
    "address": "7546 Gonzalez Avenue Apt. 984\nEast Staceyville, IN 54305",
    "city": "Port Melaniemouth",
    "phone": "2362631380400",
    "email": "ZMqMyoxmD@gmail.com",
    "password": "itOAIQvMtALq"
  },
  {
    "id": 74,
    "name": "Jamie",
    "surname": "Owens",
    "address": "3528 Jones Field\nMarksfort, OK 92708",
    "city": "Cindyburgh",
    "phone": "5027978121309",
    "email": "hkKKvfmRU@gmail.com",
    "password": "UDPpgdmvooBa"
  },
  {
    "id": 75,
    "name": "Amy",
    "surname": "Taylor",
    "address": "7029 Belinda Underpass\nNew Hannahstad, KY 62875",
    "city": "Jamesburgh",
    "phone": "9169305542214",
    "email": "xOtuoppmE@gmail.com",
    "password": "aLZquWSQOgpT"
  },
  {
    "id": 76,
    "name": "Katelyn",
    "surname": "Brown",
    "address": "196 Jensen Bridge Apt. 598\nRiverabury, NC 33786",
    "city": "Reidton",
    "phone": "0298301277308",
    "email": "bmVDTEsgK@gmail.com",
    "password": "kjGisjOvNDHY"
  },
  {
    "id": 77,
    "name": "Randy",
    "surname": "Martinez",
    "address": "USNS Bates\nFPO AE 65890",
    "city": "Lake James",
    "phone": "7961557011201",
    "email": "RXUjWWRKW@gmail.com",
    "password": "wJsDLuRCdBJK"
  },
  {
    "id": 78,
    "name": "Elizabeth",
    "surname": "Juarez",
    "address": "133 Jessica Way Suite 147\nWest Kennethport, KS 75482",
    "city": "South Benjaminland",
    "phone": "1710042026510",
    "email": "uIdSZxnKp@gmail.com",
    "password": "tAnwaUOzRcCQ"
  },
  {
    "id": 79,
    "name": "Valerie",
    "surname": "Lambert",
    "address": "PSC 0594, Box 4018\nAPO AE 37008",
    "city": "Frankfurt",
    "phone": "3836166659532",
    "email": "BqtrFjrqT@gmail.com",
    "password": "UhIjgbsJnLin"
  },
  {
    "id": 80,
    "name": "John",
    "surname": "Watson",
    "address": "8534 Moore Overpass Suite 254\nHodgesshire, PA 36453",
    "city": "Taylorbury",
    "phone": "1346543662135",
    "email": "RpsfpHFnG@gmail.com",
    "password": "bvLwolrxbcTb"
  },
  {
    "id": 81,
    "name": "Holly",
    "surname": "Daniels",
    "address": "06006 Elizabeth Fields Apt. 382\nEast Brandyburgh, NH 63881",
    "city": "Johnsonstad",
    "phone": "4558831271083",
    "email": "xQYYfpeuj@gmail.com",
    "password": "LhWNgsZIbgas"
  },
  {
    "id": 82,
    "name": "Kathryn",
    "surname": "Rodriguez",
    "address": "4461 Hardy Square\nEast James, WA 42076",
    "city": "Owenmouth",
    "phone": "5854374797270",
    "email": "yniDgiMmH@gmail.com",
    "password": "IgPBMfsdUUfi"
  },
  {
    "id": 83,
    "name": "Kelly",
    "surname": "Price",
    "address": "6993 Sheila Court\nBrittanytown, KS 27792",
    "city": "Hogantown",
    "phone": "6213900583710",
    "email": "GnzaZFJkp@gmail.com",
    "password": "RBkKcKtNJXJh"
  },
  {
    "id": 84,
    "name": "Dawn",
    "surname": "Hart",
    "address": "391 Fox Ford Apt. 187\nBensonville, NM 53915",
    "city": "Ellisburgh",
    "phone": "6814637907728",
    "email": "sjgMCtSup@gmail.com",
    "password": "PhlUruJsueAm"
  },
  {
    "id": 85,
    "name": "Sarah",
    "surname": "Martin",
    "address": "Unit 5894 Box 5312\nDPO AA 61719",
    "city": "Michaelfurt",
    "phone": "8722948951106",
    "email": "JcCrbFnSH@gmail.com",
    "password": "uAPeUDSbcroA"
  },
  {
    "id": 86,
    "name": "John",
    "surname": "Dalton",
    "address": "48650 Kristen Station\nSouth Jared, MI 83927",
    "city": "South Curtisshire",
    "phone": "9373597634514",
    "email": "oGTlqjIda@gmail.com",
    "password": "GknqaVzRtdfg"
  },
  {
    "id": 87,
    "name": "Ashlee",
    "surname": "Kelley",
    "address": "30014 Fuller Crossroad\nLake Sandrashire, VA 86205",
    "city": "Lanemouth",
    "phone": "5659228128402",
    "email": "zibuOagkn@gmail.com",
    "password": "YKmUgkZivpvn"
  },
  {
    "id": 88,
    "name": "Nicole",
    "surname": "Clark",
    "address": "60152 Lauren Stravenue Apt. 419\nStoneview, NH 78850",
    "city": "New Michaelborough",
    "phone": "1877190675008",
    "email": "jHgxmYFPk@gmail.com",
    "password": "wmHKRTusNuJl"
  },
  {
    "id": 89,
    "name": "Amy",
    "surname": "Davis",
    "address": "01615 Tonya Unions\nStephenstown, NE 17044",
    "city": "South Gavinton",
    "phone": "6521207667673",
    "email": "PkZKPhYis@gmail.com",
    "password": "DlrAWSQeBEnA"
  },
  {
    "id": 90,
    "name": "Kelly",
    "surname": "Cervantes",
    "address": "822 Rodriguez Corner Apt. 110\nCarolynhaven, MD 02161",
    "city": "Michelehaven",
    "phone": "5636806009182",
    "email": "BLBvaHOhU@gmail.com",
    "password": "MPrwAVPsYPfz"
  },
  {
    "id": 91,
    "name": "Sarah",
    "surname": "Wallace",
    "address": "9652 Bolton Valleys\nEast Cody, MS 13558",
    "city": "West Normanview",
    "phone": "8306084229622",
    "email": "qgFuQFsnq@gmail.com",
    "password": "dwhOFLTttLEs"
  },
  {
    "id": 92,
    "name": "Raymond",
    "surname": "Martinez",
    "address": "3035 Sarah Trail Apt. 522\nSouth Jimmy, NY 34809",
    "city": "West Megan",
    "phone": "5180899665252",
    "email": "hlXgqTYGt@gmail.com",
    "password": "YPDXaCeBTshu"
  },
  {
    "id": 93,
    "name": "John",
    "surname": "Freeman",
    "address": "4015 Linda Vista Suite 826\nBrianmouth, MA 69948",
    "city": "Waltersborough",
    "phone": "6305178027001",
    "email": "nHxgLLGJC@gmail.com",
    "password": "avZFiUddkjnV"
  },
  {
    "id": 94,
    "name": "Melissa",
    "surname": "Miller",
    "address": "068 Brown Throughway Suite 615\nAriasmouth, ME 86049",
    "city": "West Matthew",
    "phone": "7540130135810",
    "email": "RdPcALlqP@gmail.com",
    "password": "XdcFgcVWqRNG"
  },
  {
    "id": 95,
    "name": "Abigail",
    "surname": "Santiago",
    "address": "2344 Walker Landing\nNew Hannah, MT 25206",
    "city": "Yvonnechester",
    "phone": "6921905662927",
    "email": "QScedPEdL@gmail.com",
    "password": "hqJFLCKfFznd"
  },
  {
    "id": 96,
    "name": "Emily",
    "surname": "Taylor",
    "address": "07309 Thomas Route\nHollystad, ND 95677",
    "city": "Jamesmouth",
    "phone": "8634877934148",
    "email": "lJWixfdgu@gmail.com",
    "password": "ebHGgXKrmftz"
  },
  {
    "id": 97,
    "name": "Ronald",
    "surname": "Gutierrez",
    "address": "860 Nash Highway Suite 599\nSouth Jamesburgh, MA 48231",
    "city": "North Natalie",
    "phone": "0179587637802",
    "email": "viVMmKxzq@gmail.com",
    "password": "EwHuoxTpovyf"
  },
  {
    "id": 98,
    "name": "Joseph",
    "surname": "Foster",
    "address": "70027 Griffin Center\nMorrisstad, DE 70564",
    "city": "East Benjamin",
    "phone": "6209012813579",
    "email": "ZamZjqEkq@gmail.com",
    "password": "sFdbdXQlVghO"
  },
  {
    "id": 99,
    "name": "Lucas",
    "surname": "Hernandez",
    "address": "08569 Kayla Estate Suite 732\nSpencertown, GA 63694",
    "city": "East Joseph",
    "phone": "5996665778917",
    "email": "PnltEbhSu@gmail.com",
    "password": "tWDzPEiHrbFF"
  }
]